user_genome	classification	closest_genome_reference	closest_genome_reference_radius	closest_genome_taxonomy	closest_genome_ani	closest_genome_af	closest_placement_reference	closest_placement_radius	closest_placement_taxonomy	closest_placement_ani	closest_placement_af	pplacer_taxonomy	classification_method	note	other_related_references(genome_id,species_name,radius,ANI,AF)	msa_percent	translation_table	red_value	warnings
BPART241001__BPART241001.MAGScoT_cleanbin_000001	d__Bacteria;p__Pseudomonadota;c__Gammaproteobacteria;o__Enterobacterales;f__Orbaceae;g__Gilliamella;s__Gilliamella mensalis	GCF_900103085.1	95.0	d__Bacteria;p__Pseudomonadota;c__Gammaproteobacteria;o__Enterobacterales;f__Orbaceae;g__Gilliamella;s__Gilliamella mensalis	98.97	0.859	N/A	N/A	N/A	N/A	N/A	N/A	ani_screen	classification based on ANI only	GCF_900103255.1, s__Gilliamella bombi, 95.0, 89.27, 0.231; GCF_009795845.1, s__Gilliamella sp009795845, 95.0, 88.4, 0.154; GCF_001690655.1, s__Gilliamella apicola_P, 95.0, 89.17, 0.223; GCF_900094935.1, s__Gilliamella intestini, 95.23, 88.63, 0.178; GCF_001690495.1, s__Gilliamella apicola_G, 95.0, 91.17, 0.436; GCF_009795885.1, s__Gilliamella sp009795885, 95.0, 94.84, 0.607; GCF_001690525.1, s__Gilliamella apicola_H, 95.0, 91.67, 0.448; GCF_900094945.1, s__Gilliamella bombicola, 95.0, 93.71, 0.42; GCF_001690595.1, s__Gilliamella apicola_M, 95.0, 88.71, 0.178	N/A	N/A	N/A	N/A
BPART241001__BPART241001.MAGScoT_cleanbin_000002	d__Bacteria;p__Pseudomonadota;c__Gammaproteobacteria;o__Burkholderiales;f__Neisseriaceae;g__Snodgrassella;s__Snodgrassella gandavensis	GCF_914768025.1	95.0	d__Bacteria;p__Pseudomonadota;c__Gammaproteobacteria;o__Burkholderiales;f__Neisseriaceae;g__Snodgrassella;s__Snodgrassella gandavensis	98.92	0.559	N/A	N/A	N/A	N/A	N/A	N/A	ani_screen	classification based on ANI only	GCF_914768045.1, s__Snodgrassella communis, 95.0, 92.07, 0.182; GCF_002777745.1, s__Snodgrassella alvi_D, 95.0, 91.59, 0.179; GCF_002777425.1, s__Snodgrassella alvi_B, 95.0, 95.08, 0.393; GCA_002777825.1, s__Snodgrassella alvi_C, 95.0, 93.81, 0.33	N/A	N/A	N/A	N/A
BPART241002__BPART241002.MAGScoT_cleanbin_000001	d__Bacteria;p__Pseudomonadota;c__Gammaproteobacteria;o__Burkholderiales;f__Neisseriaceae;g__Snodgrassella;s__Snodgrassella gandavensis	GCF_914768025.1	95.0	d__Bacteria;p__Pseudomonadota;c__Gammaproteobacteria;o__Burkholderiales;f__Neisseriaceae;g__Snodgrassella;s__Snodgrassella gandavensis	98.89	0.929	N/A	N/A	N/A	N/A	N/A	N/A	ani_screen	classification based on ANI only	GCF_002777425.1, s__Snodgrassella alvi_B, 95.0, 94.12, 0.775; GCF_002777745.1, s__Snodgrassella alvi_D, 95.0, 88.53, 0.599; GCF_914768045.1, s__Snodgrassella communis, 95.0, 88.66, 0.602; GCA_002777825.1, s__Snodgrassella alvi_C, 95.0, 92.27, 0.728	N/A	N/A	N/A	N/A
BPART241002__BPART241002.MAGScoT_cleanbin_000002	d__Bacteria;p__Pseudomonadota;c__Gammaproteobacteria;o__Enterobacterales;f__Orbaceae;g__Gilliamella;s__Gilliamella bombicola	GCF_900094945.1	95.0	d__Bacteria;p__Pseudomonadota;c__Gammaproteobacteria;o__Enterobacterales;f__Orbaceae;g__Gilliamella;s__Gilliamella bombicola	98.96	0.819	N/A	N/A	N/A	N/A	N/A	N/A	ani_screen	classification based on ANI only	GCF_900103085.1, s__Gilliamella mensalis, 95.0, 93.26, 0.482; GCF_001690595.1, s__Gilliamella apicola_M, 95.0, 87.83, 0.215; GCF_009795805.1, s__Gilliamella sp009795805, 95.0, 87.17, 0.24; GCF_009795845.1, s__Gilliamella sp009795845, 95.0, 87.48, 0.221; GCF_900103255.1, s__Gilliamella bombi, 95.0, 88.14, 0.219; GCF_001690495.1, s__Gilliamella apicola_G, 95.0, 89.92, 0.35; GCF_001690525.1, s__Gilliamella apicola_H, 95.0, 90.7, 0.38; GCF_001690655.1, s__Gilliamella apicola_P, 95.0, 87.57, 0.241; GCF_009795885.1, s__Gilliamella sp009795885, 95.0, 94.18, 0.482; GCF_900094935.1, s__Gilliamella intestini, 95.23, 87.59, 0.223	N/A	N/A	N/A	N/A
BPART241002__BPART241002.MAGScoT_cleanbin_000003	d__Bacteria;p__Actinomycetota;c__Actinomycetes;o__Actinomycetales;f__Bifidobacteriaceae;g__Bombiscardovia;s__Bombiscardovia coagulans	GCF_002259585.1	95.0	d__Bacteria;p__Actinomycetota;c__Actinomycetes;o__Actinomycetales;f__Bifidobacteriaceae;g__Bombiscardovia;s__Bombiscardovia coagulans	98.92	0.916	N/A	N/A	N/A	N/A	N/A	N/A	ani_screen	classification based on ANI only	N/A	N/A	N/A	N/A	N/A
BPART241003__BPART241003.MAGScoT_cleanbin_000001	d__Bacteria;p__Pseudomonadota;c__Gammaproteobacteria;o__Burkholderiales;f__Neisseriaceae;g__Snodgrassella;s__Snodgrassella gandavensis	GCF_914768025.1	95.0	d__Bacteria;p__Pseudomonadota;c__Gammaproteobacteria;o__Burkholderiales;f__Neisseriaceae;g__Snodgrassella;s__Snodgrassella gandavensis	98.89	0.922	N/A	N/A	N/A	N/A	N/A	N/A	ani_screen	classification based on ANI only	GCF_002777745.1, s__Snodgrassella alvi_D, 95.0, 88.46, 0.595; GCF_002777425.1, s__Snodgrassella alvi_B, 95.0, 94.0, 0.8; GCA_002777825.1, s__Snodgrassella alvi_C, 95.0, 92.45, 0.756; GCF_914768045.1, s__Snodgrassella communis, 95.0, 88.84, 0.588; GCF_000600005.1, s__Snodgrassella alvi, 95.0, 82.41, 0.156	N/A	N/A	N/A	N/A
BPART241003__BPART241003.MAGScoT_cleanbin_000002	d__Bacteria;p__Pseudomonadota;c__Alphaproteobacteria;o__Acetobacterales;f__Acetobacteraceae;g__Saccharibacter;s__	N/A	N/A	N/A	N/A	N/A	N/A	N/A	N/A	N/A	N/A	d__Bacteria;p__Pseudomonadota;c__Alphaproteobacteria;o__Acetobacterales;f__Acetobacteraceae;g__Saccharibacter;s__	taxonomic classification fully defined by topology	classification based on placement in class-level tree	N/A	82.18	11	0.99951	N/A
BPART241003__BPART241003.MAGScoT_cleanbin_000003	d__Bacteria;p__Pseudomonadota;c__Gammaproteobacteria;o__Enterobacterales;f__Orbaceae;g__Gilliamella;s__Gilliamella sp009795885	GCF_009795885.1	95.0	d__Bacteria;p__Pseudomonadota;c__Gammaproteobacteria;o__Enterobacterales;f__Orbaceae;g__Gilliamella;s__Gilliamella sp009795885	98.65	0.839	N/A	N/A	N/A	N/A	N/A	N/A	ani_screen	classification based on ANI only	GCF_001690595.1, s__Gilliamella apicola_M, 95.0, 86.32, 0.253; GCF_001690275.1, s__Gilliamella apicola_C, 95.0, 85.43, 0.205; GCF_900103085.1, s__Gilliamella mensalis, 95.0, 93.54, 0.661; GCF_900103255.1, s__Gilliamella bombi, 95.0, 86.57, 0.323; GCF_001690495.1, s__Gilliamella apicola_G, 95.0, 89.92, 0.516; GCF_009795805.1, s__Gilliamella sp009795805, 95.0, 85.17, 0.224; GCF_001690525.1, s__Gilliamella apicola_H, 95.0, 93.7, 0.663; GCF_900094945.1, s__Gilliamella bombicola, 95.0, 91.66, 0.519; GCF_900094935.1, s__Gilliamella intestini, 95.23, 85.95, 0.251; GCF_001690655.1, s__Gilliamella apicola_P, 95.0, 86.18, 0.313; GCF_009795845.1, s__Gilliamella sp009795845, 95.0, 85.57, 0.222	N/A	N/A	N/A	N/A
BPART241004__BPART241004.MAGScoT_cleanbin_000001	d__Bacteria;p__Pseudomonadota;c__Gammaproteobacteria;o__Burkholderiales;f__Neisseriaceae;g__Snodgrassella;s__Snodgrassella gandavensis	GCF_914768025.1	95.0	d__Bacteria;p__Pseudomonadota;c__Gammaproteobacteria;o__Burkholderiales;f__Neisseriaceae;g__Snodgrassella;s__Snodgrassella gandavensis	98.97	0.851	N/A	N/A	N/A	N/A	N/A	N/A	ani_screen	classification based on ANI only	GCF_002777745.1, s__Snodgrassella alvi_D, 95.0, 91.32, 0.288; GCA_002777825.1, s__Snodgrassella alvi_C, 95.0, 93.81, 0.528; GCF_002777425.1, s__Snodgrassella alvi_B, 95.0, 94.96, 0.626; GCF_914768045.1, s__Snodgrassella communis, 95.0, 91.78, 0.287	N/A	N/A	N/A	N/A
BPART241006__BPART241006.MAGScoT_cleanbin_000001	d__Bacteria;p__Pseudomonadota;c__Gammaproteobacteria;o__Burkholderiales;f__Neisseriaceae;g__Snodgrassella;s__Snodgrassella gandavensis	GCF_914768025.1	95.0	d__Bacteria;p__Pseudomonadota;c__Gammaproteobacteria;o__Burkholderiales;f__Neisseriaceae;g__Snodgrassella;s__Snodgrassella gandavensis	98.96	0.939	N/A	N/A	N/A	N/A	N/A	N/A	ani_screen	classification based on ANI only	GCF_002777425.1, s__Snodgrassella alvi_B, 95.0, 94.42, 0.801; GCF_002777745.1, s__Snodgrassella alvi_D, 95.0, 88.85, 0.591; GCF_000600005.1, s__Snodgrassella alvi, 95.0, 82.71, 0.152; GCF_914768045.1, s__Snodgrassella communis, 95.0, 89.19, 0.577; GCA_002777825.1, s__Snodgrassella alvi_C, 95.0, 92.69, 0.751	N/A	N/A	N/A	N/A
BPART241006__BPART241006.MAGScoT_cleanbin_000002	d__Bacteria;p__Pseudomonadota;c__Gammaproteobacteria;o__Enterobacterales;f__Orbaceae;g__Gilliamella;s__Gilliamella bombicola	GCF_900094945.1	95.0	d__Bacteria;p__Pseudomonadota;c__Gammaproteobacteria;o__Enterobacterales;f__Orbaceae;g__Gilliamella;s__Gilliamella bombicola	99.08	0.725	N/A	N/A	N/A	N/A	N/A	N/A	ani_screen	classification based on ANI only	GCF_001690595.1, s__Gilliamella apicola_M, 95.0, 86.84, 0.204; GCF_900103255.1, s__Gilliamella bombi, 95.0, 87.02, 0.209; GCF_900094935.1, s__Gilliamella intestini, 95.23, 86.68, 0.202; GCF_009795845.1, s__Gilliamella sp009795845, 95.0, 86.75, 0.223; GCF_009795885.1, s__Gilliamella sp009795885, 95.0, 92.63, 0.447; GCF_900103085.1, s__Gilliamella mensalis, 95.0, 93.38, 0.512; GCF_001690655.1, s__Gilliamella apicola_P, 95.0, 86.49, 0.228; GCF_009795805.1, s__Gilliamella sp009795805, 95.0, 86.87, 0.239; GCF_001690495.1, s__Gilliamella apicola_G, 95.0, 89.79, 0.342; GCF_001690525.1, s__Gilliamella apicola_H, 95.0, 89.67, 0.337	N/A	N/A	N/A	N/A
BPART241017M__BPART241017M.MAGScoT_cleanbin_000001	d__Bacteria;p__Pseudomonadota;c__Gammaproteobacteria;o__Burkholderiales;f__Neisseriaceae;g__Snodgrassella;s__Snodgrassella gandavensis	GCF_914768025.1	95.0	d__Bacteria;p__Pseudomonadota;c__Gammaproteobacteria;o__Burkholderiales;f__Neisseriaceae;g__Snodgrassella;s__Snodgrassella gandavensis	98.7	0.906	N/A	N/A	N/A	N/A	N/A	N/A	ani_screen	classification based on ANI only	GCF_002777745.1, s__Snodgrassella alvi_D, 95.0, 88.58, 0.581; GCF_914768045.1, s__Snodgrassella communis, 95.0, 88.64, 0.602; GCA_002777825.1, s__Snodgrassella alvi_C, 95.0, 91.91, 0.726; GCF_002777425.1, s__Snodgrassella alvi_B, 95.0, 94.25, 0.782	N/A	N/A	N/A	N/A
BPART241017M__BPART241017M.MAGScoT_cleanbin_000002	d__Bacteria;p__Bacillota;c__Bacilli;o__Lactobacillales;f__Lactobacillaceae;g__Fructobacillus;s__Fructobacillus cardui	GCF_023218935.1	95.0	d__Bacteria;p__Bacillota;c__Bacilli;o__Lactobacillales;f__Lactobacillaceae;g__Fructobacillus;s__Fructobacillus cardui	97.66	0.868	N/A	N/A	N/A	N/A	N/A	N/A	ani_screen	classification based on ANI only	GCF_963580165.1, s__Fructobacillus evanidus, 95.0, 92.6, 0.783; GCF_001047135.2, s__Fructobacillus tropaeoli, 95.0, 94.46, 0.82; GCF_024029775.1, s__Fructobacillus americanaquae, 95.0, 89.26, 0.642	N/A	N/A	N/A	N/A
BPART241017M__BPART241017M.MAGScoT_cleanbin_000003	d__Bacteria;p__Actinomycetota;c__Actinomycetes;o__Actinomycetales;f__Bifidobacteriaceae;g__Bombiscardovia;s__Bombiscardovia coagulans	GCF_002259585.1	95.0	d__Bacteria;p__Actinomycetota;c__Actinomycetes;o__Actinomycetales;f__Bifidobacteriaceae;g__Bombiscardovia;s__Bombiscardovia coagulans	98.85	0.867	N/A	N/A	N/A	N/A	N/A	N/A	ani_screen	classification based on ANI only	N/A	N/A	N/A	N/A	N/A
BPART241017M__BPART241017M.MAGScoT_cleanbin_000004	d__Bacteria;p__Pseudomonadota;c__Gammaproteobacteria;o__Enterobacterales;f__Orbaceae;g__Gilliamella;s__Gilliamella bombicola	GCF_900094945.1	95.0	d__Bacteria;p__Pseudomonadota;c__Gammaproteobacteria;o__Enterobacterales;f__Orbaceae;g__Gilliamella;s__Gilliamella bombicola	98.79	0.759	N/A	N/A	N/A	N/A	N/A	N/A	ani_screen	classification based on ANI only	GCF_001690655.1, s__Gilliamella apicola_P, 95.0, 85.5, 0.23; GCF_009795805.1, s__Gilliamella sp009795805, 95.0, 86.56, 0.268; GCF_001690275.1, s__Gilliamella apicola_C, 95.0, 84.56, 0.164; GCF_009795885.1, s__Gilliamella sp009795885, 95.0, 91.14, 0.461; GCF_900094935.1, s__Gilliamella intestini, 95.23, 85.6, 0.213; GCF_009795845.1, s__Gilliamella sp009795845, 95.0, 86.39, 0.229; GCF_900103085.1, s__Gilliamella mensalis, 95.0, 90.98, 0.431; GCF_001690525.1, s__Gilliamella apicola_H, 95.0, 88.94, 0.363; GCF_001690495.1, s__Gilliamella apicola_G, 95.0, 88.16, 0.338; GCF_900103255.1, s__Gilliamella bombi, 95.0, 85.83, 0.232; GCF_001690595.1, s__Gilliamella apicola_M, 95.0, 86.35, 0.232	N/A	N/A	N/A	N/A
BPART241017M__BPART241017M.MAGScoT_cleanbin_000005	d__Bacteria;p__Bacillota;c__Bacilli;o__Lactobacillales;f__Lactobacillaceae;g__Xylocopilactobacillus;s__	N/A	N/A	N/A	N/A	N/A	N/A	N/A	N/A	N/A	N/A	d__Bacteria;p__Bacillota;c__Bacilli;o__Lactobacillales;f__Lactobacillaceae;g__Xylocopilactobacillus;s__	taxonomic classification fully defined by topology	classification based on placement in class-level tree	N/A	52.93	11	0.99205	Genome has more than 14.2% of markers with multiple hits
BPART241017M__BPART241017M.MAGScoT_cleanbin_000006	d__Bacteria;p__Pseudomonadota;c__Gammaproteobacteria;o__Enterobacterales;f__Orbaceae;g__Gilliamella;s__Gilliamella mensalis	GCF_900103085.1	95.0	d__Bacteria;p__Pseudomonadota;c__Gammaproteobacteria;o__Enterobacterales;f__Orbaceae;g__Gilliamella;s__Gilliamella mensalis	98.54	0.704	N/A	N/A	N/A	N/A	N/A	N/A	ani_screen	classification based on ANI only	GCF_009795885.1, s__Gilliamella sp009795885, 95.0, 93.52, 0.546; GCF_009795845.1, s__Gilliamella sp009795845, 95.0, 85.52, 0.164; GCF_001690595.1, s__Gilliamella apicola_M, 95.0, 85.77, 0.16; GCF_001690525.1, s__Gilliamella apicola_H, 95.0, 89.62, 0.406; GCF_001690655.1, s__Gilliamella apicola_P, 95.0, 86.08, 0.22; GCF_900094945.1, s__Gilliamella bombicola, 95.0, 90.48, 0.403; GCF_001690495.1, s__Gilliamella apicola_G, 95.0, 89.75, 0.432; GCF_900103255.1, s__Gilliamella bombi, 95.0, 86.22, 0.236; GCF_001690275.1, s__Gilliamella apicola_C, 95.0, 85.15, 0.166; GCF_900094935.1, s__Gilliamella intestini, 95.23, 85.93, 0.198	N/A	N/A	N/A	N/A
BPART251001__BPART251001.MAGScoT_cleanbin_000001	d__Bacteria;p__Pseudomonadota;c__Gammaproteobacteria;o__Burkholderiales;f__Neisseriaceae;g__Snodgrassella;s__Snodgrassella gandavensis	GCF_914768025.1	95.0	d__Bacteria;p__Pseudomonadota;c__Gammaproteobacteria;o__Burkholderiales;f__Neisseriaceae;g__Snodgrassella;s__Snodgrassella gandavensis	98.77	0.928	N/A	N/A	N/A	N/A	N/A	N/A	ani_screen	classification based on ANI only	GCF_002777425.1, s__Snodgrassella alvi_B, 95.0, 93.99, 0.793; GCA_002777825.1, s__Snodgrassella alvi_C, 95.0, 92.15, 0.739; GCF_002777745.1, s__Snodgrassella alvi_D, 95.0, 88.38, 0.59; GCF_914768045.1, s__Snodgrassella communis, 95.0, 88.56, 0.595	N/A	N/A	N/A	N/A
BPART251001__BPART251001.MAGScoT_cleanbin_000002	d__Bacteria;p__Pseudomonadota;c__Gammaproteobacteria;o__Enterobacterales;f__Orbaceae;g__Gilliamella;s__Gilliamella mensalis	GCF_900103085.1	95.0	d__Bacteria;p__Pseudomonadota;c__Gammaproteobacteria;o__Enterobacterales;f__Orbaceae;g__Gilliamella;s__Gilliamella mensalis	99.03	0.926	N/A	N/A	N/A	N/A	N/A	N/A	ani_screen	classification based on ANI only	GCF_900094935.1, s__Gilliamella intestini, 95.23, 85.81, 0.292; GCF_001690525.1, s__Gilliamella apicola_H, 95.0, 89.61, 0.498; GCF_900103255.1, s__Gilliamella bombi, 95.0, 86.25, 0.303; GCF_001690595.1, s__Gilliamella apicola_M, 95.0, 85.78, 0.246; GCF_009795845.1, s__Gilliamella sp009795845, 95.0, 85.31, 0.235; GCF_001690495.1, s__Gilliamella apicola_G, 95.0, 89.69, 0.56; GCF_001690275.1, s__Gilliamella apicola_C, 95.0, 84.91, 0.178; GCF_009795885.1, s__Gilliamella sp009795885, 95.0, 93.47, 0.598; GCF_001690655.1, s__Gilliamella apicola_P, 95.0, 86.14, 0.348; GCF_900094945.1, s__Gilliamella bombicola, 95.0, 94.63, 0.718; GCF_009795805.1, s__Gilliamella sp009795805, 95.0, 85.16, 0.247	N/A	N/A	N/A	N/A
BPART251001__BPART251001.MAGScoT_cleanbin_000003	d__Bacteria;p__Actinomycetota;c__Actinomycetes;o__Actinomycetales;f__Bifidobacteriaceae;g__Bombiscardovia;s__Bombiscardovia coagulans	GCF_002259585.1	95.0	d__Bacteria;p__Actinomycetota;c__Actinomycetes;o__Actinomycetales;f__Bifidobacteriaceae;g__Bombiscardovia;s__Bombiscardovia coagulans	98.9	0.599	N/A	N/A	N/A	N/A	N/A	N/A	ani_screen	classification based on ANI only	N/A	N/A	N/A	N/A	N/A
BPART251002__BPART251002.MAGScoT_cleanbin_000001	d__Bacteria;p__Pseudomonadota;c__Gammaproteobacteria;o__Burkholderiales;f__Neisseriaceae;g__Snodgrassella;s__Snodgrassella gandavensis	GCF_914768025.1	95.0	d__Bacteria;p__Pseudomonadota;c__Gammaproteobacteria;o__Burkholderiales;f__Neisseriaceae;g__Snodgrassella;s__Snodgrassella gandavensis	98.77	0.895	N/A	N/A	N/A	N/A	N/A	N/A	ani_screen	classification based on ANI only	GCA_002777825.1, s__Snodgrassella alvi_C, 95.0, 91.77, 0.713; GCF_914768045.1, s__Snodgrassella communis, 95.0, 88.62, 0.585; GCF_002777425.1, s__Snodgrassella alvi_B, 95.0, 94.25, 0.783; GCF_002777745.1, s__Snodgrassella alvi_D, 95.0, 88.59, 0.584	N/A	N/A	N/A	N/A
BPART251002__BPART251002.MAGScoT_cleanbin_000002	d__Bacteria;p__Bacillota;c__Bacilli;o__Lactobacillales;f__Lactobacillaceae;g__Lactobacillus;s__Lactobacillus bombicola	GCF_900112665.1	95.0	d__Bacteria;p__Bacillota;c__Bacilli;o__Lactobacillales;f__Lactobacillaceae;g__Lactobacillus;s__Lactobacillus bombicola	97.36	0.877	N/A	N/A	N/A	N/A	N/A	N/A	ani_screen	classification based on ANI only	N/A	N/A	N/A	N/A	N/A
BPART251002__BPART251002.MAGScoT_cleanbin_000003	d__Bacteria;p__Actinomycetota;c__Actinomycetes;o__Actinomycetales;f__Microbacteriaceae;g__Microbacterium;s__Microbacterium sp001619615	GCF_001619615.1	95.0	d__Bacteria;p__Actinomycetota;c__Actinomycetes;o__Actinomycetales;f__Microbacteriaceae;g__Microbacterium;s__Microbacterium sp001619615	98.51	0.911	N/A	N/A	N/A	N/A	N/A	N/A	ani_screen	classification based on ANI only	GCF_031455375.1, s__Microbacterium sp031455375, 95.0, 83.87, 0.18; GCF_001456955.1, s__Microbacterium enclense, 95.0, 83.44, 0.168; GCF_003075375.1, s__Microbacterium testaceum_E, 95.0, 84.09, 0.191; GCF_032464935.1, s__Microbacterium phycohabitans, 95.0, 83.95, 0.196; GCF_029761935.1, s__Microbacterium testaceum_A, 95.0, 83.57, 0.166; GCF_031844085.1, s__Microbacterium sp031844085, 95.0, 83.64, 0.188; GCF_030818255.1, s__Microbacterium sp030818255, 95.0, 83.89, 0.186; GCF_026625865.1, s__Microbacterium sp022702225, 95.0, 83.22, 0.153; GCF_008763945.1, s__Microbacterium testaceum_G, 95.0, 83.38, 0.198; GCF_001476655.1, s__Microbacterium testaceum_C, 95.0, 83.81, 0.164; GCF_000202635.1, s__Microbacterium testaceum_F, 95.0, 83.88, 0.203; GCF_032464915.1, s__Microbacterium galbum, 95.0, 83.88, 0.181; GCF_913774845.1, s__Microbacterium sp913774845, 95.0, 84.16, 0.184; GCF_030818955.1, s__Microbacterium trichothecenolyticum_B, 95.0, 83.66, 0.162; GCF_000333395.1, s__Microbacterium sp000333395, 95.0, 94.03, 0.711; GCF_051964215.1, s__Microbacterium algihabitans_A, 95.0, 84.13, 0.179; GCF_900156435.1, s__Microbacterium sp900156435, 95.0, 84.37, 0.181; GCA_038182865.1, s__Microbacterium enclense_B, 95.0, 83.57, 0.191; GCF_004022425.1, s__Microbacterium enclense_A, 95.0, 87.66, 0.415; GCF_046295495.1, s__Microbacterium sp046295495, 95.0, 84.29, 0.178; GCF_025960885.1, s__Microbacterium hydrothermale, 95.0, 84.69, 0.191; GCF_044748345.1, s__Microbacterium sp044748345, 95.0, 83.03, 0.161; GCF_900156455.1, s__Microbacterium sp900156455, 95.0, 87.6, 0.468; GCF_001476285.1, s__Microbacterium testaceum_B, 95.0, 84.55, 0.206; GCF_032464975.1, s__Microbacterium algihabitans, 95.0, 84.24, 0.182; GCF_040815675.1, s__Microbacterium sp016870695, 95.0, 83.32, 0.163; GCF_049739645.1, s__Microbacterium sp049739645, 95.0, 94.5, 0.79; GCF_001792815.1, s__Microbacterium sp001792815, 95.0, 83.5, 0.161; GCF_029639405.1, s__Microbacterium sp001984105, 95.0, 88.3, 0.502; GCF_014192415.1, s__Microbacterium proteolyticum, 95.0, 82.7, 0.15; GCF_047238045.1, s__Microbacterium sp047238045, 95.0, 87.06, 0.438; GCF_006539145.1, s__Microbacterium testaceum, 95.0, 83.4, 0.16; GCF_005774735.1, s__Microbacterium sp005774735, 95.0, 86.08, 0.345; GCF_913776565.1, s__Microbacterium sp913776565, 95.0, 84.47, 0.158; GCF_046064585.1, s__Microbacterium mcarthurae, 95.0, 85.29, 0.324; GCF_020781835.1, s__Microbacterium testaceum_H, 95.0, 86.27, 0.334; GCF_913774665.1, s__Microbacterium sp913774665, 95.0, 83.96, 0.171	N/A	N/A	N/A	N/A
BPART251002__BPART251002.MAGScoT_cleanbin_000004	d__Bacteria;p__Bacillota;c__Bacilli;o__Lactobacillales;f__Lactobacillaceae;g__Xylocopilactobacillus;s__	N/A	N/A	N/A	N/A	N/A	N/A	N/A	N/A	N/A	N/A	d__Bacteria;p__Bacillota;c__Bacilli;o__Lactobacillales;f__Lactobacillaceae;g__Xylocopilactobacillus;s__	taxonomic classification fully defined by topology	classification based on placement in class-level tree	N/A	95.01	11	0.99051	N/A
BPART251002__BPART251002.MAGScoT_cleanbin_000005	d__Bacteria;p__Actinomycetota;c__Actinomycetes;o__Actinomycetales;f__Bifidobacteriaceae;g__Bombiscardovia;s__Bombiscardovia coagulans	GCF_002259585.1	95.0	d__Bacteria;p__Actinomycetota;c__Actinomycetes;o__Actinomycetales;f__Bifidobacteriaceae;g__Bombiscardovia;s__Bombiscardovia coagulans	99.08	0.94	N/A	N/A	N/A	N/A	N/A	N/A	ani_screen	classification based on ANI only	N/A	N/A	N/A	N/A	N/A
BPART251002__BPART251002.MAGScoT_cleanbin_000006	d__Bacteria;p__Bacteroidota;c__Bacteroidia;o__Chitinophagales;f__Chitinophagaceae;g__Sediminibacterium;s__Sediminibacterium sp902168225	GCA_902168225.1	95.0	d__Bacteria;p__Bacteroidota;c__Bacteroidia;o__Chitinophagales;f__Chitinophagaceae;g__Sediminibacterium;s__Sediminibacterium sp902168225	97.9	0.893	N/A	N/A	N/A	N/A	N/A	N/A	ani_screen	classification based on ANI only	GCA_017537025.1, s__Sediminibacterium sp017537025, 95.0, 90.77, 0.613	N/A	N/A	N/A	N/A
BPART251002__BPART251002.MAGScoT_cleanbin_000007	d__Bacteria;p__Pseudomonadota;c__Gammaproteobacteria;o__Enterobacterales;f__Orbaceae;g__Gilliamella;s__Gilliamella bombicola	GCF_900094945.1	95.0	d__Bacteria;p__Pseudomonadota;c__Gammaproteobacteria;o__Enterobacterales;f__Orbaceae;g__Gilliamella;s__Gilliamella bombicola	99.17	0.897	N/A	N/A	N/A	N/A	N/A	N/A	ani_screen	classification based on ANI only	GCF_009795805.1, s__Gilliamella sp009795805, 95.0, 86.35, 0.277; GCF_001690275.1, s__Gilliamella apicola_C, 95.0, 84.09, 0.155; GCF_009795885.1, s__Gilliamella sp009795885, 95.0, 91.15, 0.5; GCF_009795845.1, s__Gilliamella sp009795845, 95.0, 86.16, 0.237; GCF_900094935.1, s__Gilliamella intestini, 95.23, 85.69, 0.233; GCF_001690525.1, s__Gilliamella apicola_H, 95.0, 88.9, 0.347; GCF_900103255.1, s__Gilliamella bombi, 95.0, 85.77, 0.235; GCF_001690595.1, s__Gilliamella apicola_M, 95.0, 85.79, 0.228; GCF_001690495.1, s__Gilliamella apicola_G, 95.0, 88.14, 0.329; GCF_900103085.1, s__Gilliamella mensalis, 95.0, 90.98, 0.451; GCF_001690655.1, s__Gilliamella apicola_P, 95.0, 85.59, 0.224	N/A	N/A	N/A	N/A
BPART251002__BPART251002.MAGScoT_cleanbin_000008	d__Bacteria;p__Pseudomonadota;c__Gammaproteobacteria;o__Enterobacterales;f__Orbaceae;g__Gilliamella;s__Gilliamella mensalis	GCF_900103085.1	95.0	d__Bacteria;p__Pseudomonadota;c__Gammaproteobacteria;o__Enterobacterales;f__Orbaceae;g__Gilliamella;s__Gilliamella mensalis	98.78	0.815	N/A	N/A	N/A	N/A	N/A	N/A	ani_screen	classification based on ANI only	GCF_001690495.1, s__Gilliamella apicola_G, 95.0, 89.32, 0.427; GCF_900094935.1, s__Gilliamella intestini, 95.23, 86.14, 0.177; GCF_001690525.1, s__Gilliamella apicola_H, 95.0, 90.17, 0.428; GCF_001690595.1, s__Gilliamella apicola_M, 95.0, 86.02, 0.153; GCF_900103255.1, s__Gilliamella bombi, 95.0, 86.93, 0.225; GCF_001690655.1, s__Gilliamella apicola_P, 95.0, 86.72, 0.197; GCF_009795885.1, s__Gilliamella sp009795885, 95.0, 93.12, 0.59; GCF_900094945.1, s__Gilliamella bombicola, 95.0, 89.95, 0.36	N/A	N/A	N/A	N/A
BPART251002__BPART251002.MAGScoT_cleanbin_000009	d__Bacteria;p__Pseudomonadota;c__Gammaproteobacteria;o__Enterobacterales;f__Orbaceae;g__Gilliamella;s__Gilliamella sp009795885	GCF_009795885.1	95.0	d__Bacteria;p__Pseudomonadota;c__Gammaproteobacteria;o__Enterobacterales;f__Orbaceae;g__Gilliamella;s__Gilliamella sp009795885	98.64	0.827	N/A	N/A	N/A	N/A	N/A	N/A	ani_screen	classification based on ANI only	GCF_900103085.1, s__Gilliamella mensalis, 95.0, 91.18, 0.474; GCF_001690495.1, s__Gilliamella apicola_G, 95.0, 89.67, 0.373; GCF_001690525.1, s__Gilliamella apicola_H, 95.0, 94.06, 0.619; GCF_009795845.1, s__Gilliamella sp009795845, 95.0, 86.24, 0.153; GCF_900094935.1, s__Gilliamella intestini, 95.23, 87.0, 0.17; GCF_001690595.1, s__Gilliamella apicola_M, 95.0, 87.39, 0.177; GCF_900103255.1, s__Gilliamella bombi, 95.0, 88.15, 0.241; GCF_009795805.1, s__Gilliamella sp009795805, 95.0, 86.2, 0.162; GCF_001690655.1, s__Gilliamella apicola_P, 95.0, 87.24, 0.194; GCF_001690275.1, s__Gilliamella apicola_C, 95.0, 86.9, 0.164; GCF_900094945.1, s__Gilliamella bombicola, 95.0, 90.3, 0.331	N/A	N/A	N/A	N/A
BPART251003__BPART251003.MAGScoT_cleanbin_000001	d__Bacteria;p__Pseudomonadota;c__Gammaproteobacteria;o__Burkholderiales;f__Neisseriaceae;g__Snodgrassella;s__Snodgrassella gandavensis	GCF_914768025.1	95.0	d__Bacteria;p__Pseudomonadota;c__Gammaproteobacteria;o__Burkholderiales;f__Neisseriaceae;g__Snodgrassella;s__Snodgrassella gandavensis	98.85	0.899	N/A	N/A	N/A	N/A	N/A	N/A	ani_screen	classification based on ANI only	GCF_002777425.1, s__Snodgrassella alvi_B, 95.0, 94.26, 0.753; GCA_002777825.1, s__Snodgrassella alvi_C, 95.0, 92.64, 0.702; GCF_002777745.1, s__Snodgrassella alvi_D, 95.0, 88.67, 0.574; GCF_914768045.1, s__Snodgrassella communis, 95.0, 88.72, 0.596	N/A	N/A	N/A	N/A
BPART251003__BPART251003.MAGScoT_cleanbin_000002	d__Bacteria;p__Bacillota;c__Bacilli;o__Lactobacillales;f__Lactobacillaceae;g__Xylocopilactobacillus;s__	N/A	N/A	N/A	N/A	N/A	N/A	N/A	N/A	N/A	N/A	d__Bacteria;p__Bacillota;c__Bacilli;o__Lactobacillales;f__Lactobacillaceae;g__Xylocopilactobacillus;s__	taxonomic classification fully defined by topology	classification based on placement in class-level tree	N/A	94.99	11	0.99045	N/A
BPART251003__BPART251003.MAGScoT_cleanbin_000003	d__Bacteria;p__Actinomycetota;c__Actinomycetes;o__Actinomycetales;f__Bifidobacteriaceae;g__Bombiscardovia;s__Bombiscardovia coagulans	GCF_002259585.1	95.0	d__Bacteria;p__Actinomycetota;c__Actinomycetes;o__Actinomycetales;f__Bifidobacteriaceae;g__Bombiscardovia;s__Bombiscardovia coagulans	98.87	0.953	N/A	N/A	N/A	N/A	N/A	N/A	ani_screen	classification based on ANI only	N/A	N/A	N/A	N/A	N/A
BPART251003__BPART251003.MAGScoT_cleanbin_000004	d__Bacteria;p__Pseudomonadota;c__Gammaproteobacteria;o__Enterobacterales;f__Orbaceae;g__Gilliamella;s__Gilliamella bombicola	GCF_900094945.1	95.0	d__Bacteria;p__Pseudomonadota;c__Gammaproteobacteria;o__Enterobacterales;f__Orbaceae;g__Gilliamella;s__Gilliamella bombicola	99.43	0.758	N/A	N/A	N/A	N/A	N/A	N/A	ani_screen	classification based on ANI only	GCF_900094935.1, s__Gilliamella intestini, 95.23, 86.34, 0.192; GCF_900103255.1, s__Gilliamella bombi, 95.0, 86.69, 0.181; GCF_009795885.1, s__Gilliamella sp009795885, 95.0, 92.51, 0.479; GCF_009795845.1, s__Gilliamella sp009795845, 95.0, 86.89, 0.189; GCF_001690495.1, s__Gilliamella apicola_G, 95.0, 89.48, 0.308; GCF_001690595.1, s__Gilliamella apicola_M, 95.0, 86.62, 0.182; GCF_900103085.1, s__Gilliamella mensalis, 95.0, 92.29, 0.496; GCF_001690525.1, s__Gilliamella apicola_H, 95.0, 90.04, 0.341; GCF_001690655.1, s__Gilliamella apicola_P, 95.0, 86.31, 0.196; GCF_009795805.1, s__Gilliamella sp009795805, 95.0, 87.02, 0.219	N/A	N/A	N/A	N/A
BPART251004__BPART251004.MAGScoT_cleanbin_000001	d__Bacteria;p__Pseudomonadota;c__Gammaproteobacteria;o__Burkholderiales;f__Neisseriaceae;g__Snodgrassella;s__Snodgrassella gandavensis	GCF_914768025.1	95.0	d__Bacteria;p__Pseudomonadota;c__Gammaproteobacteria;o__Burkholderiales;f__Neisseriaceae;g__Snodgrassella;s__Snodgrassella gandavensis	98.75	0.898	N/A	N/A	N/A	N/A	N/A	N/A	ani_screen	classification based on ANI only	GCF_914768045.1, s__Snodgrassella communis, 95.0, 88.7, 0.592; GCF_002777745.1, s__Snodgrassella alvi_D, 95.0, 88.55, 0.579; GCA_002777825.1, s__Snodgrassella alvi_C, 95.0, 92.45, 0.728; GCF_002777425.1, s__Snodgrassella alvi_B, 95.0, 94.12, 0.771	N/A	N/A	N/A	N/A
BPART251004__BPART251004.MAGScoT_cleanbin_000002	d__Bacteria;p__Actinomycetota;c__Actinomycetes;o__Actinomycetales;f__Bifidobacteriaceae;g__Bombiscardovia;s__Bombiscardovia coagulans	GCF_002259585.1	95.0	d__Bacteria;p__Actinomycetota;c__Actinomycetes;o__Actinomycetales;f__Bifidobacteriaceae;g__Bombiscardovia;s__Bombiscardovia coagulans	98.97	0.962	N/A	N/A	N/A	N/A	N/A	N/A	ani_screen	classification based on ANI only	N/A	N/A	N/A	N/A	N/A
BPART251004__BPART251004.MAGScoT_cleanbin_000003	d__Bacteria;p__Bacillota;c__Bacilli;o__Lactobacillales;f__Lactobacillaceae;g__Xylocopilactobacillus;s__	N/A	N/A	N/A	N/A	N/A	N/A	N/A	N/A	N/A	N/A	d__Bacteria;p__Bacillota;c__Bacilli;o__Lactobacillales;f__Lactobacillaceae;g__Xylocopilactobacillus;s__	taxonomic novelty determined using RED	classification based on placement in class-level tree	N/A	54.15	11	0.96001	Genome has more than 26.7% of markers with multiple hits
BPART251004__BPART251004.MAGScoT_cleanbin_000004	d__Bacteria;p__Pseudomonadota;c__Gammaproteobacteria;o__Enterobacterales;f__Orbaceae;g__Gilliamella;s__Gilliamella bombicola	GCF_900094945.1	95.0	d__Bacteria;p__Pseudomonadota;c__Gammaproteobacteria;o__Enterobacterales;f__Orbaceae;g__Gilliamella;s__Gilliamella bombicola	99.13	0.833	N/A	N/A	N/A	N/A	N/A	N/A	ani_screen	classification based on ANI only	GCF_001690595.1, s__Gilliamella apicola_M, 95.0, 87.01, 0.197; GCF_900094935.1, s__Gilliamella intestini, 95.23, 86.26, 0.207; GCF_900103085.1, s__Gilliamella mensalis, 95.0, 93.69, 0.592; GCF_001690525.1, s__Gilliamella apicola_H, 95.0, 89.88, 0.378; GCF_009795885.1, s__Gilliamella sp009795885, 95.0, 93.12, 0.476; GCF_009795805.1, s__Gilliamella sp009795805, 95.0, 86.7, 0.237; GCF_001690655.1, s__Gilliamella apicola_P, 95.0, 86.42, 0.237; GCF_009795845.1, s__Gilliamella sp009795845, 95.0, 87.0, 0.201; GCF_900103255.1, s__Gilliamella bombi, 95.0, 86.78, 0.21; GCF_001690495.1, s__Gilliamella apicola_G, 95.0, 89.1, 0.371	N/A	N/A	N/A	N/A
BPART251004__BPART251004.MAGScoT_cleanbin_000005	d__Bacteria;p__Actinomycetota;c__Actinomycetes;o__Actinomycetales;f__Microbacteriaceae;g__Microbacterium;s__Microbacterium sp001619615	GCF_001619615.1	95.0	d__Bacteria;p__Actinomycetota;c__Actinomycetes;o__Actinomycetales;f__Microbacteriaceae;g__Microbacterium;s__Microbacterium sp001619615	98.49	0.812	N/A	N/A	N/A	N/A	N/A	N/A	ani_screen	classification based on ANI only	GCF_049739645.1, s__Microbacterium sp049739645, 95.0, 95.31, 0.602; GCF_005774735.1, s__Microbacterium sp005774735, 95.0, 91.02, 0.171; GCF_900156455.1, s__Microbacterium sp900156455, 95.0, 91.05, 0.216; GCF_020781835.1, s__Microbacterium testaceum_H, 95.0, 91.08, 0.174; GCF_047238045.1, s__Microbacterium sp047238045, 95.0, 91.05, 0.219; GCF_000333395.1, s__Microbacterium sp000333395, 95.0, 95.02, 0.511; GCF_004022425.1, s__Microbacterium enclense_A, 95.0, 90.51, 0.187; GCF_029639405.1, s__Microbacterium sp001984105, 95.0, 91.45, 0.238	N/A	N/A	N/A	N/A
BPART251005__BPART251005.MAGScoT_cleanbin_000001	d__Bacteria;p__Pseudomonadota;c__Gammaproteobacteria;o__Burkholderiales;f__Neisseriaceae;g__Snodgrassella;s__Snodgrassella gandavensis	GCF_914768025.1	95.0	d__Bacteria;p__Pseudomonadota;c__Gammaproteobacteria;o__Burkholderiales;f__Neisseriaceae;g__Snodgrassella;s__Snodgrassella gandavensis	98.69	0.891	N/A	N/A	N/A	N/A	N/A	N/A	ani_screen	classification based on ANI only	GCF_002777425.1, s__Snodgrassella alvi_B, 95.0, 94.12, 0.771; GCA_002777825.1, s__Snodgrassella alvi_C, 95.0, 91.99, 0.708; GCF_002777745.1, s__Snodgrassella alvi_D, 95.0, 88.23, 0.558; GCF_914768045.1, s__Snodgrassella communis, 95.0, 88.64, 0.619	N/A	N/A	N/A	N/A
BPART251005__BPART251005.MAGScoT_cleanbin_000002	d__Bacteria;p__Actinomycetota;c__Actinomycetes;o__Actinomycetales;f__Bifidobacteriaceae;g__Bombiscardovia;s__Bombiscardovia coagulans	GCF_002259585.1	95.0	d__Bacteria;p__Actinomycetota;c__Actinomycetes;o__Actinomycetales;f__Bifidobacteriaceae;g__Bombiscardovia;s__Bombiscardovia coagulans	98.78	0.879	N/A	N/A	N/A	N/A	N/A	N/A	ani_screen	classification based on ANI only	N/A	N/A	N/A	N/A	N/A
BPART251005__BPART251005.MAGScoT_cleanbin_000003	d__Bacteria;p__Bacillota;c__Bacilli;o__Lactobacillales;f__Lactobacillaceae;g__Xylocopilactobacillus;s__	N/A	N/A	N/A	N/A	N/A	N/A	N/A	N/A	N/A	N/A	d__Bacteria;p__Bacillota;c__Bacilli;o__Lactobacillales;f__Lactobacillaceae;g__Xylocopilactobacillus;s__	taxonomic classification fully defined by topology	classification based on placement in class-level tree	N/A	60.58	11	0.99122	N/A
BPART251005__BPART251005.MAGScoT_cleanbin_000004	d__Bacteria;p__Pseudomonadota;c__Gammaproteobacteria;o__Enterobacterales;f__Orbaceae;g__Gilliamella;s__Gilliamella bombicola	GCF_900094945.1	95.0	d__Bacteria;p__Pseudomonadota;c__Gammaproteobacteria;o__Enterobacterales;f__Orbaceae;g__Gilliamella;s__Gilliamella bombicola	98.91	0.853	N/A	N/A	N/A	N/A	N/A	N/A	ani_screen	classification based on ANI only	GCF_900103085.1, s__Gilliamella mensalis, 95.0, 93.12, 0.682; GCF_900094935.1, s__Gilliamella intestini, 95.23, 85.25, 0.305; GCF_900103255.1, s__Gilliamella bombi, 95.0, 85.85, 0.355; GCF_001690525.1, s__Gilliamella apicola_H, 95.0, 93.68, 0.629; GCF_009795805.1, s__Gilliamella sp009795805, 95.0, 85.38, 0.326; GCF_001690655.1, s__Gilliamella apicola_P, 95.0, 85.2, 0.342; GCF_009795885.1, s__Gilliamella sp009795885, 95.0, 98.29, 0.748; GCF_001690275.1, s__Gilliamella apicola_C, 95.0, 84.76, 0.23; GCF_001690595.1, s__Gilliamella apicola_M, 95.0, 85.76, 0.284; GCF_009795845.1, s__Gilliamella sp009795845, 95.0, 85.23, 0.289; GCF_001690495.1, s__Gilliamella apicola_G, 95.0, 89.06, 0.524	N/A	N/A	N/A	N/A
BPATZ241114__BPATZ241114.MAGScoT_cleanbin_000001	d__Bacteria;p__Pseudomonadota;c__Gammaproteobacteria;o__Burkholderiales;f__Neisseriaceae;g__Snodgrassella;s__Snodgrassella gandavensis	GCF_914768025.1	95.0	d__Bacteria;p__Pseudomonadota;c__Gammaproteobacteria;o__Burkholderiales;f__Neisseriaceae;g__Snodgrassella;s__Snodgrassella gandavensis	98.7	0.916	N/A	N/A	N/A	N/A	N/A	N/A	ani_screen	classification based on ANI only	GCF_914768045.1, s__Snodgrassella communis, 95.0, 88.49, 0.586; GCA_002777825.1, s__Snodgrassella alvi_C, 95.0, 91.99, 0.722; GCF_002777745.1, s__Snodgrassella alvi_D, 95.0, 88.43, 0.59; GCF_002777425.1, s__Snodgrassella alvi_B, 95.0, 94.25, 0.785	N/A	N/A	N/A	N/A
BPATZ241114__BPATZ241114.MAGScoT_cleanbin_000002	d__Bacteria;p__Bacillota;c__Bacilli;o__Lactobacillales;f__Lactobacillaceae;g__Lactobacillus;s__Lactobacillus bombicola	GCF_900112665.1	95.0	d__Bacteria;p__Bacillota;c__Bacilli;o__Lactobacillales;f__Lactobacillaceae;g__Lactobacillus;s__Lactobacillus bombicola	97.55	0.872	N/A	N/A	N/A	N/A	N/A	N/A	ani_screen	classification based on ANI only	N/A	N/A	N/A	N/A	N/A
BPATZ241114__BPATZ241114.MAGScoT_cleanbin_000003	d__Bacteria;p__Actinomycetota;c__Actinomycetes;o__Actinomycetales;f__Bifidobacteriaceae;g__Bombiscardovia;s__Bombiscardovia coagulans	GCF_002259585.1	95.0	d__Bacteria;p__Actinomycetota;c__Actinomycetes;o__Actinomycetales;f__Bifidobacteriaceae;g__Bombiscardovia;s__Bombiscardovia coagulans	99.08	0.963	N/A	N/A	N/A	N/A	N/A	N/A	ani_screen	classification based on ANI only	N/A	N/A	N/A	N/A	N/A
BPATZ241114__BPATZ241114.MAGScoT_cleanbin_000004	d__Bacteria;p__Pseudomonadota;c__Gammaproteobacteria;o__Enterobacterales;f__Orbaceae;g__Gilliamella;s__Gilliamella bombicola	GCF_900094945.1	95.0	d__Bacteria;p__Pseudomonadota;c__Gammaproteobacteria;o__Enterobacterales;f__Orbaceae;g__Gilliamella;s__Gilliamella bombicola	98.54	0.9	N/A	N/A	N/A	N/A	N/A	N/A	ani_screen	classification based on ANI only	GCF_900103085.1, s__Gilliamella mensalis, 95.0, 97.99, 0.912; GCF_009795805.1, s__Gilliamella sp009795805, 95.0, 86.29, 0.303; GCF_001690275.1, s__Gilliamella apicola_C, 95.0, 85.58, 0.195; GCF_900094935.1, s__Gilliamella intestini, 95.23, 86.58, 0.302; GCF_001690495.1, s__Gilliamella apicola_G, 95.0, 89.9, 0.549; GCF_001690595.1, s__Gilliamella apicola_M, 95.0, 86.44, 0.275; GCF_001690525.1, s__Gilliamella apicola_H, 95.0, 90.13, 0.49; GCF_009795845.1, s__Gilliamella sp009795845, 95.0, 86.68, 0.269; GCF_001690655.1, s__Gilliamella apicola_P, 95.0, 86.26, 0.346; GCF_900103255.1, s__Gilliamella bombi, 95.0, 86.81, 0.305; GCF_009795885.1, s__Gilliamella sp009795885, 95.0, 93.03, 0.619	N/A	N/A	N/A	N/A
BPATZ241115__BPATZ241115.MAGScoT_cleanbin_000001	d__Bacteria;p__Pseudomonadota;c__Gammaproteobacteria;o__Burkholderiales;f__Neisseriaceae;g__Snodgrassella;s__Snodgrassella gandavensis	GCF_914768025.1	95.0	d__Bacteria;p__Pseudomonadota;c__Gammaproteobacteria;o__Burkholderiales;f__Neisseriaceae;g__Snodgrassella;s__Snodgrassella gandavensis	98.71	0.919	N/A	N/A	N/A	N/A	N/A	N/A	ani_screen	classification based on ANI only	GCA_002777825.1, s__Snodgrassella alvi_C, 95.0, 92.15, 0.73; GCF_002777745.1, s__Snodgrassella alvi_D, 95.0, 88.38, 0.592; GCF_002777425.1, s__Snodgrassella alvi_B, 95.0, 94.11, 0.793; GCF_914768045.1, s__Snodgrassella communis, 95.0, 88.47, 0.605	N/A	N/A	N/A	N/A
BPATZ241115__BPATZ241115.MAGScoT_cleanbin_000002	d__Bacteria;p__Pseudomonadota;c__Gammaproteobacteria;o__Enterobacterales;f__Orbaceae;g__Gilliamella;s__Gilliamella mensalis	GCF_900103085.1	95.0	d__Bacteria;p__Pseudomonadota;c__Gammaproteobacteria;o__Enterobacterales;f__Orbaceae;g__Gilliamella;s__Gilliamella mensalis	98.8	0.829	N/A	N/A	N/A	N/A	N/A	N/A	ani_screen	classification based on ANI only	GCF_001690275.1, s__Gilliamella apicola_C, 95.0, 85.69, 0.203; GCF_900094945.1, s__Gilliamella bombicola, 95.0, 98.49, 0.863; GCF_900094935.1, s__Gilliamella intestini, 95.23, 86.05, 0.284; GCF_900103255.1, s__Gilliamella bombi, 95.0, 86.22, 0.296; GCF_001690595.1, s__Gilliamella apicola_M, 95.0, 86.32, 0.259; GCF_009795885.1, s__Gilliamella sp009795885, 95.0, 93.47, 0.601; GCF_001690495.1, s__Gilliamella apicola_G, 95.0, 89.7, 0.52; GCF_001690525.1, s__Gilliamella apicola_H, 95.0, 89.78, 0.479; GCF_001690655.1, s__Gilliamella apicola_P, 95.0, 85.79, 0.331; GCF_009795805.1, s__Gilliamella sp009795805, 95.0, 85.83, 0.302; GCF_009795845.1, s__Gilliamella sp009795845, 95.0, 85.67, 0.269	N/A	N/A	N/A	N/A
BPATZ241115__BPATZ241115.MAGScoT_cleanbin_000003	d__Bacteria;p__Actinomycetota;c__Actinomycetes;o__Actinomycetales;f__Bifidobacteriaceae;g__Bombiscardovia;s__	N/A	N/A	N/A	N/A	N/A	N/A	N/A	N/A	N/A	N/A	d__Bacteria;p__Actinomycetota;c__Actinomycetes;o__Actinomycetales;f__Bifidobacteriaceae;g__Bombiscardovia;s__	taxonomic classification fully defined by topology	classification based on placement in class-level tree	N/A	38.86	11	0.99903	Genome has more than 19.2% of markers with multiple hits
BPATZ241116__BPATZ241116.MAGScoT_cleanbin_000001	d__Bacteria;p__Pseudomonadota;c__Gammaproteobacteria;o__Burkholderiales;f__Neisseriaceae;g__Snodgrassella;s__Snodgrassella gandavensis	GCF_914768025.1	95.0	d__Bacteria;p__Pseudomonadota;c__Gammaproteobacteria;o__Burkholderiales;f__Neisseriaceae;g__Snodgrassella;s__Snodgrassella gandavensis	98.81	0.921	N/A	N/A	N/A	N/A	N/A	N/A	ani_screen	classification based on ANI only	GCF_914768045.1, s__Snodgrassella communis, 95.0, 88.6, 0.6; GCA_002777825.1, s__Snodgrassella alvi_C, 95.0, 91.76, 0.716; GCF_002777745.1, s__Snodgrassella alvi_D, 95.0, 88.2, 0.584; GCF_002777425.1, s__Snodgrassella alvi_B, 95.0, 94.07, 0.779	N/A	N/A	N/A	N/A
BPATZ241116__BPATZ241116.MAGScoT_cleanbin_000002	d__Bacteria;p__Bacillota;c__Bacilli;o__Lactobacillales;f__Lactobacillaceae;g__Xylocopilactobacillus;s__	N/A	N/A	N/A	N/A	N/A	N/A	N/A	N/A	N/A	N/A	d__Bacteria;p__Bacillota;c__Bacilli;o__Lactobacillales;f__Lactobacillaceae;g__Xylocopilactobacillus;s__	taxonomic classification fully defined by topology	classification based on placement in class-level tree	N/A	94.57	11	0.99037	N/A
BPATZ241116__BPATZ241116.MAGScoT_cleanbin_000003	d__Bacteria;p__Actinomycetota;c__Actinomycetes;o__Actinomycetales;f__Bifidobacteriaceae;g__Bombiscardovia;s__Bombiscardovia coagulans	GCF_002259585.1	95.0	d__Bacteria;p__Actinomycetota;c__Actinomycetes;o__Actinomycetales;f__Bifidobacteriaceae;g__Bombiscardovia;s__Bombiscardovia coagulans	98.99	0.888	N/A	N/A	N/A	N/A	N/A	N/A	ani_screen	classification based on ANI only	N/A	N/A	N/A	N/A	N/A
BPATZ241116__BPATZ241116.MAGScoT_cleanbin_000004	d__Bacteria;p__Pseudomonadota;c__Gammaproteobacteria;o__Enterobacterales;f__Orbaceae;g__Gilliamella;s__Gilliamella mensalis	GCF_900103085.1	95.0	d__Bacteria;p__Pseudomonadota;c__Gammaproteobacteria;o__Enterobacterales;f__Orbaceae;g__Gilliamella;s__Gilliamella mensalis	98.62	0.821	N/A	N/A	N/A	N/A	N/A	N/A	ani_screen	classification based on ANI only	GCF_900103255.1, s__Gilliamella bombi, 95.0, 87.85, 0.242; GCF_900094935.1, s__Gilliamella intestini, 95.23, 87.96, 0.206; GCF_001690595.1, s__Gilliamella apicola_M, 95.0, 87.86, 0.187; GCF_001690495.1, s__Gilliamella apicola_G, 95.0, 89.96, 0.446; GCF_001690275.1, s__Gilliamella apicola_C, 95.0, 86.84, 0.169; GCF_900094945.1, s__Gilliamella bombicola, 95.0, 92.8, 0.463; GCF_001690655.1, s__Gilliamella apicola_P, 95.0, 87.53, 0.237; GCF_009795845.1, s__Gilliamella sp009795845, 95.0, 87.1, 0.172; GCF_009795885.1, s__Gilliamella sp009795885, 95.0, 93.68, 0.642; GCF_001690525.1, s__Gilliamella apicola_H, 95.0, 90.46, 0.447	N/A	N/A	N/A	N/A
BPATZ241117__BPATZ241117.MAGScoT_cleanbin_000001	d__Bacteria;p__Pseudomonadota;c__Gammaproteobacteria;o__Burkholderiales;f__Neisseriaceae;g__Snodgrassella;s__Snodgrassella gandavensis	GCF_914768025.1	95.0	d__Bacteria;p__Pseudomonadota;c__Gammaproteobacteria;o__Burkholderiales;f__Neisseriaceae;g__Snodgrassella;s__Snodgrassella gandavensis	98.75	0.909	N/A	N/A	N/A	N/A	N/A	N/A	ani_screen	classification based on ANI only	GCA_002777825.1, s__Snodgrassella alvi_C, 95.0, 91.99, 0.717; GCF_002777425.1, s__Snodgrassella alvi_B, 95.0, 94.25, 0.779; GCF_914768045.1, s__Snodgrassella communis, 95.0, 88.56, 0.59; GCF_002777745.1, s__Snodgrassella alvi_D, 95.0, 88.46, 0.58	N/A	N/A	N/A	N/A
BPATZ241117__BPATZ241117.MAGScoT_cleanbin_000002	d__Bacteria;p__Bacillota;c__Bacilli;o__Lactobacillales;f__Lactobacillaceae;g__Xylocopilactobacillus;s__	N/A	N/A	N/A	N/A	N/A	N/A	N/A	N/A	N/A	N/A	d__Bacteria;p__Bacillota;c__Bacilli;o__Lactobacillales;f__Lactobacillaceae;g__Xylocopilactobacillus;s__	taxonomic classification fully defined by topology	classification based on placement in class-level tree	N/A	95.49	11	0.99047	N/A
BPATZ241117__BPATZ241117.MAGScoT_cleanbin_000003	d__Bacteria;p__Pseudomonadota;c__Gammaproteobacteria;o__Enterobacterales;f__Orbaceae;g__Gilliamella;s__Gilliamella mensalis	GCF_900103085.1	95.0	d__Bacteria;p__Pseudomonadota;c__Gammaproteobacteria;o__Enterobacterales;f__Orbaceae;g__Gilliamella;s__Gilliamella mensalis	98.99	0.899	N/A	N/A	N/A	N/A	N/A	N/A	ani_screen	classification based on ANI only	GCF_900094945.1, s__Gilliamella bombicola, 95.0, 91.23, 0.5; GCF_001690495.1, s__Gilliamella apicola_G, 95.0, 89.54, 0.507; GCF_009795845.1, s__Gilliamella sp009795845, 95.0, 85.22, 0.195; GCF_900094935.1, s__Gilliamella intestini, 95.23, 85.98, 0.236; GCF_900103255.1, s__Gilliamella bombi, 95.0, 86.77, 0.28; GCF_001690595.1, s__Gilliamella apicola_M, 95.0, 85.85, 0.192; GCF_001690525.1, s__Gilliamella apicola_H, 95.0, 90.09, 0.449; GCF_009795885.1, s__Gilliamella sp009795885, 95.0, 93.69, 0.567; GCF_009795805.1, s__Gilliamella sp009795805, 95.0, 84.54, 0.175; GCF_001690275.1, s__Gilliamella apicola_C, 95.0, 84.96, 0.16; GCF_001690655.1, s__Gilliamella apicola_P, 95.0, 86.73, 0.292	N/A	N/A	N/A	N/A
BPATZ241118__BPATZ241118.MAGScoT_cleanbin_000001	d__Bacteria;p__Pseudomonadota;c__Gammaproteobacteria;o__Burkholderiales;f__Neisseriaceae;g__Snodgrassella;s__Snodgrassella gandavensis	GCF_914768025.1	95.0	d__Bacteria;p__Pseudomonadota;c__Gammaproteobacteria;o__Burkholderiales;f__Neisseriaceae;g__Snodgrassella;s__Snodgrassella gandavensis	98.81	0.938	N/A	N/A	N/A	N/A	N/A	N/A	ani_screen	classification based on ANI only	GCF_000600005.1, s__Snodgrassella alvi, 95.0, 82.0, 0.15; GCF_002777745.1, s__Snodgrassella alvi_D, 95.0, 88.58, 0.593; GCF_914768045.1, s__Snodgrassella communis, 95.0, 88.61, 0.593; GCA_002777825.1, s__Snodgrassella alvi_C, 95.0, 91.99, 0.754; GCF_002777425.1, s__Snodgrassella alvi_B, 95.0, 93.98, 0.798	N/A	N/A	N/A	N/A
BPATZ241118__BPATZ241118.MAGScoT_cleanbin_000002	d__Bacteria;p__Bacillota;c__Bacilli;o__Lactobacillales;f__Lactobacillaceae;g__Xylocopilactobacillus;s__	N/A	N/A	N/A	N/A	N/A	N/A	N/A	N/A	N/A	N/A	d__Bacteria;p__Bacillota;c__Bacilli;o__Lactobacillales;f__Lactobacillaceae;g__Xylocopilactobacillus;s__	taxonomic classification fully defined by topology	classification based on placement in class-level tree	N/A	95.49	11	0.99035	N/A
BPATZ241118__BPATZ241118.MAGScoT_cleanbin_000003	d__Bacteria;p__Pseudomonadota;c__Gammaproteobacteria;o__Enterobacterales;f__Orbaceae;g__Gilliamella;s__Gilliamella sp009795885	GCF_009795885.1	95.0	d__Bacteria;p__Pseudomonadota;c__Gammaproteobacteria;o__Enterobacterales;f__Orbaceae;g__Gilliamella;s__Gilliamella sp009795885	98.64	0.868	N/A	N/A	N/A	N/A	N/A	N/A	ani_screen	classification based on ANI only	GCF_900103255.1, s__Gilliamella bombi, 95.0, 87.51, 0.241; GCF_001690655.1, s__Gilliamella apicola_P, 95.0, 87.59, 0.249; GCF_900094945.1, s__Gilliamella bombicola, 95.0, 92.54, 0.492; GCF_900094935.1, s__Gilliamella intestini, 95.23, 87.65, 0.206; GCF_900103085.1, s__Gilliamella mensalis, 95.0, 93.12, 0.65; GCF_001690525.1, s__Gilliamella apicola_H, 95.0, 93.54, 0.585; GCF_001690595.1, s__Gilliamella apicola_M, 95.0, 87.5, 0.209; GCF_001690275.1, s__Gilliamella apicola_C, 95.0, 86.84, 0.159; GCF_009795845.1, s__Gilliamella sp009795845, 95.0, 86.21, 0.17; GCF_001690495.1, s__Gilliamella apicola_G, 95.0, 90.31, 0.452; GCF_009795805.1, s__Gilliamella sp009795805, 95.0, 86.44, 0.173	N/A	N/A	N/A	N/A
BPATZ241118__BPATZ241118.MAGScoT_cleanbin_000004	d__Bacteria;p__Actinomycetota;c__Actinomycetes;o__Actinomycetales;f__Microbacteriaceae;g__Microbacterium;s__Microbacterium sp001619615	GCF_001619615.1	95.0	d__Bacteria;p__Actinomycetota;c__Actinomycetes;o__Actinomycetales;f__Microbacteriaceae;g__Microbacterium;s__Microbacterium sp001619615	98.64	0.631	N/A	N/A	N/A	N/A	N/A	N/A	ani_screen	classification based on ANI only	GCF_029639405.1, s__Microbacterium sp001984105, 95.0, 91.79, 0.18; GCF_049739645.1, s__Microbacterium sp049739645, 95.0, 95.32, 0.459; GCF_000333395.1, s__Microbacterium sp000333395, 95.0, 95.24, 0.388; GCF_047238045.1, s__Microbacterium sp047238045, 95.0, 91.59, 0.161; GCF_900156455.1, s__Microbacterium sp900156455, 95.0, 91.59, 0.154	N/A	N/A	N/A	N/A
BPATZ241118__BPATZ241118.MAGScoT_cleanbin_000005	d__Bacteria;p__Pseudomonadota;c__Gammaproteobacteria;o__Enterobacterales;f__Orbaceae;g__Gilliamella;s__Gilliamella bombicola	GCF_900094945.1	95.0	d__Bacteria;p__Pseudomonadota;c__Gammaproteobacteria;o__Enterobacterales;f__Orbaceae;g__Gilliamella;s__Gilliamella bombicola	98.85	0.669	N/A	N/A	N/A	N/A	N/A	N/A	ani_screen	classification based on ANI only	GCF_001690525.1, s__Gilliamella apicola_H, 95.0, 87.81, 0.213; GCF_009795845.1, s__Gilliamella sp009795845, 95.0, 86.4, 0.165; GCF_009795805.1, s__Gilliamella sp009795805, 95.0, 86.32, 0.211; GCF_009795885.1, s__Gilliamella sp009795885, 95.0, 88.94, 0.283; GCF_900103255.1, s__Gilliamella bombi, 95.0, 85.15, 0.153; GCF_900094935.1, s__Gilliamella intestini, 95.23, 85.52, 0.161; GCF_900103085.1, s__Gilliamella mensalis, 95.0, 88.66, 0.268; GCF_001690495.1, s__Gilliamella apicola_G, 95.0, 86.76, 0.192	N/A	N/A	N/A	N/A
BPATZ251101__BPATZ251101.MAGScoT_cleanbin_000001	d__Bacteria;p__Pseudomonadota;c__Gammaproteobacteria;o__Burkholderiales;f__Neisseriaceae;g__Snodgrassella;s__Snodgrassella gandavensis	GCF_914768025.1	95.0	d__Bacteria;p__Pseudomonadota;c__Gammaproteobacteria;o__Burkholderiales;f__Neisseriaceae;g__Snodgrassella;s__Snodgrassella gandavensis	98.73	0.892	N/A	N/A	N/A	N/A	N/A	N/A	ani_screen	classification based on ANI only	GCF_002777745.1, s__Snodgrassella alvi_D, 95.0, 88.42, 0.57; GCF_002777425.1, s__Snodgrassella alvi_B, 95.0, 94.14, 0.765; GCF_914768045.1, s__Snodgrassella communis, 95.0, 88.48, 0.58; GCA_002777825.1, s__Snodgrassella alvi_C, 95.0, 92.43, 0.712	N/A	N/A	N/A	N/A
BPATZ251101__BPATZ251101.MAGScoT_cleanbin_000002	d__Bacteria;p__Pseudomonadota;c__Gammaproteobacteria;o__Burkholderiales;f__Neisseriaceae;g__Snodgrassella;s__Snodgrassella communis	GCF_914768045.1	95.0	d__Bacteria;p__Pseudomonadota;c__Gammaproteobacteria;o__Burkholderiales;f__Neisseriaceae;g__Snodgrassella;s__Snodgrassella communis	97.21	0.822	N/A	N/A	N/A	N/A	N/A	N/A	ani_screen	classification based on ANI only	GCF_002777425.1, s__Snodgrassella alvi_B, 95.0, 88.05, 0.538; GCA_002777825.1, s__Snodgrassella alvi_C, 95.0, 87.98, 0.489; GCF_914768025.1, s__Snodgrassella gandavensis, 95.0, 88.46, 0.553; GCF_002777745.1, s__Snodgrassella alvi_D, 95.0, 85.63, 0.378	N/A	N/A	N/A	N/A
BPATZ251101__BPATZ251101.MAGScoT_cleanbin_000003	d__Bacteria;p__Actinomycetota;c__Actinomycetes;o__Actinomycetales;f__Bifidobacteriaceae;g__Bombiscardovia;s__Bombiscardovia coagulans	GCF_002259585.1	95.0	d__Bacteria;p__Actinomycetota;c__Actinomycetes;o__Actinomycetales;f__Bifidobacteriaceae;g__Bombiscardovia;s__Bombiscardovia coagulans	98.97	0.667	N/A	N/A	N/A	N/A	N/A	N/A	ani_screen	classification based on ANI only	N/A	N/A	N/A	N/A	N/A
BPATZ251102__BPATZ251102.MAGScoT_cleanbin_000001	d__Bacteria;p__Pseudomonadota;c__Gammaproteobacteria;o__Burkholderiales;f__Neisseriaceae;g__Snodgrassella;s__Snodgrassella gandavensis	GCF_914768025.1	95.0	d__Bacteria;p__Pseudomonadota;c__Gammaproteobacteria;o__Burkholderiales;f__Neisseriaceae;g__Snodgrassella;s__Snodgrassella gandavensis	98.81	0.945	N/A	N/A	N/A	N/A	N/A	N/A	ani_screen	classification based on ANI only	GCA_002777825.1, s__Snodgrassella alvi_C, 95.0, 91.84, 0.718; GCF_002777745.1, s__Snodgrassella alvi_D, 95.0, 88.39, 0.58; GCF_914768045.1, s__Snodgrassella communis, 95.0, 88.56, 0.599; GCF_002777425.1, s__Snodgrassella alvi_B, 95.0, 94.09, 0.768	N/A	N/A	N/A	N/A
BPATZ251102__BPATZ251102.MAGScoT_cleanbin_000002	d__Bacteria;p__Pseudomonadota;c__Gammaproteobacteria;o__Enterobacterales;f__Orbaceae;g__Gilliamella;s__Gilliamella bombicola	GCF_900094945.1	95.0	d__Bacteria;p__Pseudomonadota;c__Gammaproteobacteria;o__Enterobacterales;f__Orbaceae;g__Gilliamella;s__Gilliamella bombicola	98.83	0.827	N/A	N/A	N/A	N/A	N/A	N/A	ani_screen	classification based on ANI only	GCF_900103255.1, s__Gilliamella bombi, 95.0, 86.46, 0.186; GCF_009795805.1, s__Gilliamella sp009795805, 95.0, 86.65, 0.221; GCF_001690595.1, s__Gilliamella apicola_M, 95.0, 87.14, 0.193; GCF_001690525.1, s__Gilliamella apicola_H, 95.0, 89.96, 0.312; GCF_001690655.1, s__Gilliamella apicola_P, 95.0, 86.19, 0.206; GCF_009795885.1, s__Gilliamella sp009795885, 95.0, 91.59, 0.431; GCF_900094935.1, s__Gilliamella intestini, 95.23, 86.49, 0.194; GCF_900103085.1, s__Gilliamella mensalis, 95.0, 91.45, 0.471; GCF_009795845.1, s__Gilliamella sp009795845, 95.0, 87.14, 0.198; GCF_001690495.1, s__Gilliamella apicola_G, 95.0, 88.79, 0.303	N/A	N/A	N/A	N/A
BPATZ251103__BPATZ251103.MAGScoT_cleanbin_000001	d__Bacteria;p__Pseudomonadota;c__Gammaproteobacteria;o__Burkholderiales;f__Neisseriaceae;g__Snodgrassella;s__Snodgrassella gandavensis	GCF_914768025.1	95.0	d__Bacteria;p__Pseudomonadota;c__Gammaproteobacteria;o__Burkholderiales;f__Neisseriaceae;g__Snodgrassella;s__Snodgrassella gandavensis	98.81	0.926	N/A	N/A	N/A	N/A	N/A	N/A	ani_screen	classification based on ANI only	GCA_002777825.1, s__Snodgrassella alvi_C, 95.0, 91.99, 0.719; GCF_002777745.1, s__Snodgrassella alvi_D, 95.0, 88.22, 0.578; GCF_002777425.1, s__Snodgrassella alvi_B, 95.0, 94.12, 0.78; GCF_914768045.1, s__Snodgrassella communis, 95.0, 88.5, 0.594	N/A	N/A	N/A	N/A
BPATZ251103__BPATZ251103.MAGScoT_cleanbin_000002	d__Bacteria;p__Pseudomonadota;c__Gammaproteobacteria;o__Enterobacterales;f__Orbaceae;g__Gilliamella;s__Gilliamella bombicola	GCF_900094945.1	95.0	d__Bacteria;p__Pseudomonadota;c__Gammaproteobacteria;o__Enterobacterales;f__Orbaceae;g__Gilliamella;s__Gilliamella bombicola	99.03	0.883	N/A	N/A	N/A	N/A	N/A	N/A	ani_screen	classification based on ANI only	GCF_900103085.1, s__Gilliamella mensalis, 95.0, 91.52, 0.5; GCF_009795845.1, s__Gilliamella sp009795845, 95.0, 86.5, 0.217; GCF_900103255.1, s__Gilliamella bombi, 95.0, 86.62, 0.214; GCF_900094935.1, s__Gilliamella intestini, 95.23, 86.81, 0.212; GCF_001690495.1, s__Gilliamella apicola_G, 95.0, 88.76, 0.338; GCF_001690655.1, s__Gilliamella apicola_P, 95.0, 86.43, 0.235; GCF_009795885.1, s__Gilliamella sp009795885, 95.0, 92.05, 0.49; GCF_001690525.1, s__Gilliamella apicola_H, 95.0, 89.37, 0.349; GCF_001690595.1, s__Gilliamella apicola_M, 95.0, 86.84, 0.209; GCF_009795805.1, s__Gilliamella sp009795805, 95.0, 86.66, 0.246	N/A	N/A	N/A	N/A
BPATZ251103__BPATZ251103.MAGScoT_cleanbin_000003	d__Bacteria;p__Actinomycetota;c__Actinomycetes;o__Actinomycetales;f__Bifidobacteriaceae;g__Bombiscardovia;s__Bombiscardovia coagulans	GCF_002259585.1	95.0	d__Bacteria;p__Actinomycetota;c__Actinomycetes;o__Actinomycetales;f__Bifidobacteriaceae;g__Bombiscardovia;s__Bombiscardovia coagulans	98.85	0.833	N/A	N/A	N/A	N/A	N/A	N/A	ani_screen	classification based on ANI only	N/A	N/A	N/A	N/A	N/A
BPATZ251104__BPATZ251104.MAGScoT_cleanbin_000001	d__Bacteria;p__Pseudomonadota;c__Gammaproteobacteria;o__Burkholderiales;f__Neisseriaceae;g__Snodgrassella;s__Snodgrassella gandavensis	GCF_914768025.1	95.0	d__Bacteria;p__Pseudomonadota;c__Gammaproteobacteria;o__Burkholderiales;f__Neisseriaceae;g__Snodgrassella;s__Snodgrassella gandavensis	98.69	0.925	N/A	N/A	N/A	N/A	N/A	N/A	ani_screen	classification based on ANI only	GCA_002777825.1, s__Snodgrassella alvi_C, 95.0, 92.15, 0.74; GCF_002777745.1, s__Snodgrassella alvi_D, 95.0, 88.35, 0.594; GCF_002777425.1, s__Snodgrassella alvi_B, 95.0, 94.24, 0.803; GCF_914768045.1, s__Snodgrassella communis, 95.0, 88.54, 0.588	N/A	N/A	N/A	N/A
BPATZ251104__BPATZ251104.MAGScoT_cleanbin_000002	d__Bacteria;p__Actinomycetota;c__Actinomycetes;o__Actinomycetales;f__Microbacteriaceae;g__Microbacterium;s__Microbacterium sp001619615	GCF_001619615.1	95.0	d__Bacteria;p__Actinomycetota;c__Actinomycetes;o__Actinomycetales;f__Microbacteriaceae;g__Microbacterium;s__Microbacterium sp001619615	98.35	0.847	N/A	N/A	N/A	N/A	N/A	N/A	ani_screen	classification based on ANI only	GCF_047238045.1, s__Microbacterium sp047238045, 95.0, 89.58, 0.319; GCF_029639405.1, s__Microbacterium sp001984105, 95.0, 89.36, 0.358; GCF_005774735.1, s__Microbacterium sp005774735, 95.0, 88.64, 0.251; GCF_004022425.1, s__Microbacterium enclense_A, 95.0, 89.1, 0.289; GCF_046064585.1, s__Microbacterium mcarthurae, 95.0, 87.94, 0.216; GCF_049739645.1, s__Microbacterium sp049739645, 95.0, 94.62, 0.684; GCF_000333395.1, s__Microbacterium sp000333395, 95.0, 94.24, 0.597; GCF_020781835.1, s__Microbacterium testaceum_H, 95.0, 89.0, 0.266; GCF_900156455.1, s__Microbacterium sp900156455, 95.0, 89.77, 0.337	N/A	N/A	N/A	N/A
BPATZ251104__BPATZ251104.MAGScoT_cleanbin_000003	d__Bacteria;p__Pseudomonadota;c__Gammaproteobacteria;o__Enterobacterales;f__Enterobacteriaceae;g__Klebsiella;s__Klebsiella aerogenes	GCF_000215745.1	95.0	d__Bacteria;p__Pseudomonadota;c__Gammaproteobacteria;o__Enterobacterales;f__Enterobacteriaceae;g__Klebsiella;s__Klebsiella aerogenes	96.66	0.762	N/A	N/A	N/A	N/A	N/A	N/A	ani_screen	classification based on ANI only	GCF_000828055.2, s__Klebsiella variicola, 95.0, 91.11, 0.208; GCF_020525925.1, s__Klebsiella quasipneumoniae, 95.0, 90.4, 0.19; GCA_029027985.1, s__Klebsiella aerogenes_A, 95.0, 91.38, 0.333; GCF_020526085.1, s__Klebsiella africana, 95.17, 90.51, 0.196; GCF_002269255.1, s__Klebsiella quasivariicola, 95.0, 91.17, 0.19; GCA_902490055.1, s__Klebsiella sp902490055, 95.0, 91.75, 0.316; GCF_000742135.1, s__Klebsiella pneumoniae, 95.0, 90.4, 0.202	N/A	N/A	N/A	N/A
BPATZ251105__BPATZ251105.MAGScoT_cleanbin_000001	d__Bacteria;p__Pseudomonadota;c__Gammaproteobacteria;o__Burkholderiales;f__Neisseriaceae;g__Snodgrassella;s__Snodgrassella gandavensis	GCF_914768025.1	95.0	d__Bacteria;p__Pseudomonadota;c__Gammaproteobacteria;o__Burkholderiales;f__Neisseriaceae;g__Snodgrassella;s__Snodgrassella gandavensis	98.79	0.869	N/A	N/A	N/A	N/A	N/A	N/A	ani_screen	classification based on ANI only	GCA_002777825.1, s__Snodgrassella alvi_C, 95.0, 92.37, 0.682; GCF_002777745.1, s__Snodgrassella alvi_D, 95.0, 88.67, 0.551; GCF_914768045.1, s__Snodgrassella communis, 95.0, 88.64, 0.586; GCF_002777425.1, s__Snodgrassella alvi_B, 95.0, 94.12, 0.753	N/A	N/A	N/A	N/A
BPATZ251105__BPATZ251105.MAGScoT_cleanbin_000002	d__Bacteria;p__Pseudomonadota;c__Gammaproteobacteria;o__Enterobacterales;f__Orbaceae;g__Gilliamella;s__Gilliamella mensalis	GCF_900103085.1	95.0	d__Bacteria;p__Pseudomonadota;c__Gammaproteobacteria;o__Enterobacterales;f__Orbaceae;g__Gilliamella;s__Gilliamella mensalis	98.75	0.785	N/A	N/A	N/A	N/A	N/A	N/A	ani_screen	classification based on ANI only	GCF_900094945.1, s__Gilliamella bombicola, 95.0, 91.91, 0.412; GCF_900103255.1, s__Gilliamella bombi, 95.0, 87.61, 0.217; GCF_001690655.1, s__Gilliamella apicola_P, 95.0, 87.04, 0.221; GCF_009795885.1, s__Gilliamella sp009795885, 95.0, 93.68, 0.577; GCF_001690495.1, s__Gilliamella apicola_G, 95.0, 89.96, 0.416; GCF_001690525.1, s__Gilliamella apicola_H, 95.0, 90.51, 0.418; GCF_900094935.1, s__Gilliamella intestini, 95.23, 87.18, 0.179; GCF_001690595.1, s__Gilliamella apicola_M, 95.0, 87.13, 0.153	N/A	N/A	N/A	N/A
BPBIL240818M__BPBIL240818M.MAGScoT_cleanbin_000001	d__Bacteria;p__Pseudomonadota;c__Gammaproteobacteria;o__Burkholderiales;f__Neisseriaceae;g__Snodgrassella;s__Snodgrassella gandavensis	GCF_914768025.1	95.0	d__Bacteria;p__Pseudomonadota;c__Gammaproteobacteria;o__Burkholderiales;f__Neisseriaceae;g__Snodgrassella;s__Snodgrassella gandavensis	98.34	0.946	N/A	N/A	N/A	N/A	N/A	N/A	ani_screen	classification based on ANI only	GCF_002777745.1, s__Snodgrassella alvi_D, 95.0, 88.39, 0.588; GCA_002777825.1, s__Snodgrassella alvi_C, 95.0, 91.77, 0.739; GCF_914768045.1, s__Snodgrassella communis, 95.0, 88.53, 0.597; GCF_002777425.1, s__Snodgrassella alvi_B, 95.0, 93.95, 0.789	N/A	N/A	N/A	N/A
BPBIL240818M__BPBIL240818M.MAGScoT_cleanbin_000002	d__Bacteria;p__Pseudomonadota;c__Gammaproteobacteria;o__Enterobacterales;f__Enterobacteriaceae;g__Rahnella;s__Rahnella variigena	GCF_003610915.1	95.0	d__Bacteria;p__Pseudomonadota;c__Gammaproteobacteria;o__Enterobacterales;f__Enterobacteriaceae;g__Rahnella;s__Rahnella variigena	97.59	0.91	N/A	N/A	N/A	N/A	N/A	N/A	ani_screen	classification based on ANI only	GCF_019049625.1, s__Rahnella ecdela, 95.0, 91.45, 0.687; GCF_011065485.1, s__Rahnella contaminans, 95.0, 87.16, 0.448; GCA_013457415.1, s__Rahnella sp013457415, 95.0, 85.44, 0.328; GCF_047784855.1, s__Rahnella sp047784855, 95.0, 86.1, 0.392; GCF_004330295.1, s__Rahnella victoriana, 95.0, 89.51, 0.591; GCF_002834385.1, s__Rahnella sp002834385, 95.0, 86.27, 0.383; GCF_015644585.1, s__Rahnella laticis, 95.0, 86.54, 0.413; GCF_000241955.1, s__Rahnella aquatilis, 95.0, 88.36, 0.509; GCF_003263515.1, s__Rahnella inusitata, 95.0, 85.88, 0.375; GCF_019049655.1, s__Rahnella rivi, 95.0, 86.77, 0.397; GCF_019049675.1, s__Rahnella bonaserana, 95.0, 93.94, 0.826; GCF_003602095.1, s__Rahnella woolbedingensis, 95.0, 90.93, 0.653; GCF_002951615.1, s__Rahnella sikkimica, 95.0, 86.38, 0.395; GCF_046449555.1, s__Rahnella selenatireducens, 95.02, 86.32, 0.389; GCF_003614975.1, s__Rahnella bruchi, 95.0, 90.95, 0.675; GCF_011684115.1, s__Rahnella aceris, 95.0, 88.99, 0.578; GCF_019049755.1, s__Rahnella perminowiae, 95.0, 88.17, 0.458; GCF_965118895.1, s__Rahnella inusitata_A, 95.0, 85.47, 0.358	N/A	N/A	N/A	N/A
BPBIL240818M__BPBIL240818M.MAGScoT_cleanbin_000003	d__Bacteria;p__Actinomycetota;c__Actinomycetes;o__Actinomycetales;f__Bifidobacteriaceae;g__Bombiscardovia;s__Bombiscardovia coagulans	GCF_002259585.1	95.0	d__Bacteria;p__Actinomycetota;c__Actinomycetes;o__Actinomycetales;f__Bifidobacteriaceae;g__Bombiscardovia;s__Bombiscardovia coagulans	98.73	0.952	N/A	N/A	N/A	N/A	N/A	N/A	ani_screen	classification based on ANI only	N/A	N/A	N/A	N/A	N/A
BPBIL240818M__BPBIL240818M.MAGScoT_cleanbin_000004	d__Bacteria;p__Bacillota;c__Bacilli;o__Lactobacillales;f__Lactobacillaceae;g__Lactobacillus;s__Lactobacillus bombicola	GCF_900112665.1	95.0	d__Bacteria;p__Bacillota;c__Bacilli;o__Lactobacillales;f__Lactobacillaceae;g__Lactobacillus;s__Lactobacillus bombicola	97.26	0.862	N/A	N/A	N/A	N/A	N/A	N/A	ani_screen	classification based on ANI only	N/A	N/A	N/A	N/A	N/A
BPBIL240818M__BPBIL240818M.MAGScoT_cleanbin_000005	d__Bacteria;p__Pseudomonadota;c__Gammaproteobacteria;o__Enterobacterales;f__Enterobacteriaceae;g__Pantoea;s__Pantoea agglomerans	GCF_001598475.1	95.0	d__Bacteria;p__Pseudomonadota;c__Gammaproteobacteria;o__Enterobacterales;f__Enterobacteriaceae;g__Pantoea;s__Pantoea agglomerans	98.49	0.903	N/A	N/A	N/A	N/A	N/A	N/A	ani_screen	classification based on ANI only	GCF_037152305.1, s__Pantoea sp037152305, 95.0, 91.25, 0.649; GCF_019880205.1, s__Pantoea alfalfae, 95.0, 91.56, 0.677; GCF_006494375.1, s__Pantoea anthophila, 95.0, 89.67, 0.528; GCF_009646115.1, s__Pantoea eucalypti, 95.0, 90.71, 0.641; GCF_040783975.1, s__Pantoea sp003236715, 95.0, 89.81, 0.561; GCF_050157905.1, s__Pantoea sp050157905, 95.0, 88.71, 0.489; GCF_051336815.1, s__Pantoea sp051336815, 95.0, 89.24, 0.504; GCA_009830035.1, s__Pantoea sp009830035, 95.0, 87.09, 0.283; GCF_048515925.1, s__Pantoea sp048515925, 95.0, 91.91, 0.709; GCF_022647325.1, s__Pantoea deleyi, 95.0, 89.54, 0.509; GCA_002419935.1, s__Pantoea rara, 95.0, 91.32, 0.709; GCA_002434205.1, s__Pantoea astica, 95.0, 88.14, 0.421; GCF_032114055.1, s__Pantoea sp032114055, 95.0, 89.06, 0.504; GCF_030062155.1, s__Pantoea sp030062155, 95.0, 91.56, 0.687; GCF_004792415.1, s__Pantoea vagans, 95.0, 91.22, 0.67; GCA_002095305.1, s__Pantoea brenneri, 95.0, 87.87, 0.378; GCF_008632075.1, s__Pantoea gossypiicola, 95.0, 90.66, 0.632; GCF_002095315.1, s__Pantoea conspicua, 95.0, 87.99, 0.399; GCF_029844725.1, s__Pantoea sp029844725, 95.0, 90.76, 0.63; GCF_900115075.1, s__Pantoea varia, 95.0, 92.21, 0.715	N/A	N/A	N/A	N/A
BPBIL240818M__BPBIL240818M.MAGScoT_cleanbin_000006	d__Bacteria;p__Pseudomonadota;c__Gammaproteobacteria;o__Enterobacterales;f__Orbaceae;g__Gilliamella;s__Gilliamella bombicola	GCF_900094945.1	95.0	d__Bacteria;p__Pseudomonadota;c__Gammaproteobacteria;o__Enterobacterales;f__Orbaceae;g__Gilliamella;s__Gilliamella bombicola	98.68	0.651	N/A	N/A	N/A	N/A	N/A	N/A	ani_screen	classification based on ANI only	GCF_009795885.1, s__Gilliamella sp009795885, 95.0, 93.56, 0.485; GCF_900103255.1, s__Gilliamella bombi, 95.0, 86.49, 0.238; GCF_001690275.1, s__Gilliamella apicola_C, 95.0, 85.84, 0.164; GCF_009795805.1, s__Gilliamella sp009795805, 95.0, 86.57, 0.227; GCF_001690495.1, s__Gilliamella apicola_G, 95.0, 89.75, 0.379; GCF_001690525.1, s__Gilliamella apicola_H, 95.0, 89.57, 0.378; GCF_001690655.1, s__Gilliamella apicola_P, 95.0, 86.2, 0.232; GCF_900094935.1, s__Gilliamella intestini, 95.23, 86.44, 0.218; GCF_001690595.1, s__Gilliamella apicola_M, 95.0, 86.2, 0.198; GCF_900103085.1, s__Gilliamella mensalis, 95.0, 95.07, 0.515; GCF_009795845.1, s__Gilliamella sp009795845, 95.0, 86.38, 0.205	N/A	N/A	N/A	N/A
BPBIL240820M__BPBIL240820M.MAGScoT_cleanbin_000001	d__Bacteria;p__Pseudomonadota;c__Gammaproteobacteria;o__Burkholderiales;f__Neisseriaceae;g__Snodgrassella;s__Snodgrassella gandavensis	GCF_914768025.1	95.0	d__Bacteria;p__Pseudomonadota;c__Gammaproteobacteria;o__Burkholderiales;f__Neisseriaceae;g__Snodgrassella;s__Snodgrassella gandavensis	98.71	0.911	N/A	N/A	N/A	N/A	N/A	N/A	ani_screen	classification based on ANI only	GCA_002777825.1, s__Snodgrassella alvi_C, 95.0, 91.84, 0.706; GCF_914768045.1, s__Snodgrassella communis, 95.0, 88.44, 0.606; GCF_002777745.1, s__Snodgrassella alvi_D, 95.0, 88.34, 0.567; GCF_002777425.1, s__Snodgrassella alvi_B, 95.0, 94.12, 0.755	N/A	N/A	N/A	N/A
BPBIL240820M__BPBIL240820M.MAGScoT_cleanbin_000002	d__Bacteria;p__Bacillota;c__Bacilli;o__Lactobacillales;f__Lactobacillaceae;g__Xylocopilactobacillus;s__	N/A	N/A	N/A	N/A	N/A	N/A	N/A	N/A	N/A	N/A	d__Bacteria;p__Bacillota;c__Bacilli;o__Lactobacillales;f__Lactobacillaceae;g__Xylocopilactobacillus;s__	taxonomic classification fully defined by topology	classification based on placement in class-level tree	N/A	95.49	11	0.99048	N/A
BPBIL240820M__BPBIL240820M.MAGScoT_cleanbin_000003	d__Bacteria;p__Actinomycetota;c__Actinomycetes;o__Actinomycetales;f__Bifidobacteriaceae;g__Bombiscardovia;s__Bombiscardovia coagulans	GCF_002259585.1	95.0	d__Bacteria;p__Actinomycetota;c__Actinomycetes;o__Actinomycetales;f__Bifidobacteriaceae;g__Bombiscardovia;s__Bombiscardovia coagulans	98.84	0.878	N/A	N/A	N/A	N/A	N/A	N/A	ani_screen	classification based on ANI only	N/A	N/A	N/A	N/A	N/A
BPBIL240820M__BPBIL240820M.MAGScoT_cleanbin_000004	d__Bacteria;p__Pseudomonadota;c__Alphaproteobacteria;o__Rickettsiales;f__Rickettsiaceae;g__Rickettsia;s__	N/A	N/A	N/A	N/A	N/A	N/A	N/A	N/A	N/A	N/A	d__Bacteria;p__Pseudomonadota;c__Alphaproteobacteria;o__Rickettsiales;f__Rickettsiaceae;g__Rickettsia;s__	taxonomic classification fully defined by topology	classification based on placement in class-level tree	N/A	64.47	11	0.99048	N/A
BPBIL240820M__BPBIL240820M.MAGScoT_cleanbin_000005	d__Bacteria;p__Pseudomonadota;c__Gammaproteobacteria;o__Enterobacterales;f__Orbaceae;g__Gilliamella;s__Gilliamella mensalis	GCF_900103085.1	95.0	d__Bacteria;p__Pseudomonadota;c__Gammaproteobacteria;o__Enterobacterales;f__Orbaceae;g__Gilliamella;s__Gilliamella mensalis	98.64	0.777	N/A	N/A	N/A	N/A	N/A	N/A	ani_screen	classification based on ANI only	GCF_900103255.1, s__Gilliamella bombi, 95.0, 87.21, 0.213; GCF_001690655.1, s__Gilliamella apicola_P, 95.0, 86.96, 0.183; GCF_001690495.1, s__Gilliamella apicola_G, 95.0, 89.88, 0.409; GCF_900094945.1, s__Gilliamella bombicola, 95.0, 91.04, 0.408; GCF_001690595.1, s__Gilliamella apicola_M, 95.0, 87.24, 0.154; GCF_900094935.1, s__Gilliamella intestini, 95.23, 86.99, 0.172; GCF_009795885.1, s__Gilliamella sp009795885, 95.0, 92.77, 0.553; GCF_001690525.1, s__Gilliamella apicola_H, 95.0, 89.92, 0.395	N/A	N/A	N/A	N/A
BPBIL240820M__BPBIL240820M.MAGScoT_cleanbin_000006	d__Bacteria;p__Pseudomonadota;c__Gammaproteobacteria;o__Enterobacterales;f__Orbaceae;g__Gilliamella;s__Gilliamella bombicola	GCF_900094945.1	95.0	d__Bacteria;p__Pseudomonadota;c__Gammaproteobacteria;o__Enterobacterales;f__Orbaceae;g__Gilliamella;s__Gilliamella bombicola	97.77	0.765	N/A	N/A	N/A	N/A	N/A	N/A	ani_screen	classification based on ANI only	GCF_001690275.1, s__Gilliamella apicola_C, 95.0, 85.56, 0.183; GCF_900103085.1, s__Gilliamella mensalis, 95.0, 91.83, 0.586; GCF_001690595.1, s__Gilliamella apicola_M, 95.0, 86.41, 0.257; GCF_001690495.1, s__Gilliamella apicola_G, 95.0, 89.61, 0.443; GCF_009795805.1, s__Gilliamella sp009795805, 95.0, 86.33, 0.275; GCF_001690655.1, s__Gilliamella apicola_P, 95.0, 86.08, 0.298; GCF_009795845.1, s__Gilliamella sp009795845, 95.0, 86.27, 0.234; GCF_001690525.1, s__Gilliamella apicola_H, 95.0, 92.92, 0.554; GCF_900094935.1, s__Gilliamella intestini, 95.23, 86.27, 0.259; GCF_009795885.1, s__Gilliamella sp009795885, 95.0, 97.39, 0.644; GCF_900103255.1, s__Gilliamella bombi, 95.0, 87.57, 0.301	N/A	N/A	N/A	N/A
BPBIL240821M__BPBIL240821M.MAGScoT_cleanbin_000001	d__Bacteria;p__Pseudomonadota;c__Gammaproteobacteria;o__Burkholderiales;f__Neisseriaceae;g__Snodgrassella;s__Snodgrassella gandavensis	GCF_914768025.1	95.0	d__Bacteria;p__Pseudomonadota;c__Gammaproteobacteria;o__Burkholderiales;f__Neisseriaceae;g__Snodgrassella;s__Snodgrassella gandavensis	98.75	0.908	N/A	N/A	N/A	N/A	N/A	N/A	ani_screen	classification based on ANI only	GCF_002777425.1, s__Snodgrassella alvi_B, 95.0, 93.98, 0.757; GCA_002777825.1, s__Snodgrassella alvi_C, 95.0, 92.11, 0.7; GCF_914768045.1, s__Snodgrassella communis, 95.0, 88.55, 0.594; GCF_002777745.1, s__Snodgrassella alvi_D, 95.0, 88.63, 0.569	N/A	N/A	N/A	N/A
BPBIL240821M__BPBIL240821M.MAGScoT_cleanbin_000002	d__Bacteria;p__Pseudomonadota;c__Gammaproteobacteria;o__Enterobacterales;f__Orbaceae;g__Gilliamella;s__Gilliamella mensalis	GCF_900103085.1	95.0	d__Bacteria;p__Pseudomonadota;c__Gammaproteobacteria;o__Enterobacterales;f__Orbaceae;g__Gilliamella;s__Gilliamella mensalis	98.94	0.901	N/A	N/A	N/A	N/A	N/A	N/A	ani_screen	classification based on ANI only	GCF_900103255.1, s__Gilliamella bombi, 95.0, 86.75, 0.297; GCF_009795805.1, s__Gilliamella sp009795805, 95.0, 85.44, 0.173; GCF_900094945.1, s__Gilliamella bombicola, 95.0, 91.36, 0.492; GCF_001690275.1, s__Gilliamella apicola_C, 95.0, 85.33, 0.198; GCF_001690655.1, s__Gilliamella apicola_P, 95.0, 86.56, 0.305; GCF_009795845.1, s__Gilliamella sp009795845, 95.0, 85.43, 0.205; GCF_001690595.1, s__Gilliamella apicola_M, 95.0, 86.4, 0.226; GCF_009795885.1, s__Gilliamella sp009795885, 95.0, 93.6, 0.654; GCF_001690525.1, s__Gilliamella apicola_H, 95.0, 90.18, 0.499; GCF_900094935.1, s__Gilliamella intestini, 95.23, 86.06, 0.248; GCF_001690495.1, s__Gilliamella apicola_G, 95.0, 89.54, 0.513	N/A	N/A	N/A	N/A
BPBIL250801__BPBIL250801.MAGScoT_cleanbin_000001	d__Bacteria;p__Pseudomonadota;c__Gammaproteobacteria;o__Burkholderiales;f__Neisseriaceae;g__Snodgrassella;s__Snodgrassella gandavensis	GCF_914768025.1	95.0	d__Bacteria;p__Pseudomonadota;c__Gammaproteobacteria;o__Burkholderiales;f__Neisseriaceae;g__Snodgrassella;s__Snodgrassella gandavensis	98.86	0.868	N/A	N/A	N/A	N/A	N/A	N/A	ani_screen	classification based on ANI only	GCA_002777825.1, s__Snodgrassella alvi_C, 95.0, 92.07, 0.692; GCF_002777745.1, s__Snodgrassella alvi_D, 95.0, 88.51, 0.552; GCF_002777425.1, s__Snodgrassella alvi_B, 95.0, 94.12, 0.755; GCF_914768045.1, s__Snodgrassella communis, 95.0, 88.47, 0.581	N/A	N/A	N/A	N/A
BPBIL250801__BPBIL250801.MAGScoT_cleanbin_000002	d__Bacteria;p__Pseudomonadota;c__Gammaproteobacteria;o__Enterobacterales;f__Orbaceae;g__Gilliamella;s__Gilliamella sp009795885	GCF_009795885.1	95.0	d__Bacteria;p__Pseudomonadota;c__Gammaproteobacteria;o__Enterobacterales;f__Orbaceae;g__Gilliamella;s__Gilliamella sp009795885	98.45	0.756	N/A	N/A	N/A	N/A	N/A	N/A	ani_screen	classification based on ANI only	GCF_001690595.1, s__Gilliamella apicola_M, 95.0, 87.45, 0.238; GCF_900103085.1, s__Gilliamella mensalis, 95.0, 93.97, 0.581; GCF_900103255.1, s__Gilliamella bombi, 95.0, 86.9, 0.277; GCF_900094945.1, s__Gilliamella bombicola, 95.0, 92.96, 0.488; GCF_009795845.1, s__Gilliamella sp009795845, 95.0, 86.36, 0.212; GCF_900094935.1, s__Gilliamella intestini, 95.23, 86.57, 0.229; GCF_009795805.1, s__Gilliamella sp009795805, 95.0, 85.89, 0.197; GCF_001690495.1, s__Gilliamella apicola_G, 95.0, 89.8, 0.448; GCF_001690655.1, s__Gilliamella apicola_P, 95.0, 86.63, 0.27; GCF_001690275.1, s__Gilliamella apicola_C, 95.0, 85.93, 0.2; GCF_001690525.1, s__Gilliamella apicola_H, 95.0, 93.56, 0.597	N/A	N/A	N/A	N/A
BPBIL250804__BPBIL250804.MAGScoT_cleanbin_000001	d__Bacteria;p__Pseudomonadota;c__Gammaproteobacteria;o__Burkholderiales;f__Neisseriaceae;g__Snodgrassella;s__Snodgrassella gandavensis	GCF_914768025.1	95.0	d__Bacteria;p__Pseudomonadota;c__Gammaproteobacteria;o__Burkholderiales;f__Neisseriaceae;g__Snodgrassella;s__Snodgrassella gandavensis	98.75	0.896	N/A	N/A	N/A	N/A	N/A	N/A	ani_screen	classification based on ANI only	GCF_002777425.1, s__Snodgrassella alvi_B, 95.0, 94.25, 0.762; GCF_914768045.1, s__Snodgrassella communis, 95.0, 88.4, 0.584; GCF_002777745.1, s__Snodgrassella alvi_D, 95.0, 88.38, 0.566; GCA_002777825.1, s__Snodgrassella alvi_C, 95.0, 92.37, 0.707	N/A	N/A	N/A	N/A
BPBIL250804__BPBIL250804.MAGScoT_cleanbin_000002	d__Bacteria;p__Pseudomonadota;c__Gammaproteobacteria;o__Enterobacterales;f__Orbaceae;g__Gilliamella;s__Gilliamella mensalis	GCF_900103085.1	95.0	d__Bacteria;p__Pseudomonadota;c__Gammaproteobacteria;o__Enterobacterales;f__Orbaceae;g__Gilliamella;s__Gilliamella mensalis	98.96	0.926	N/A	N/A	N/A	N/A	N/A	N/A	ani_screen	classification based on ANI only	GCF_900094935.1, s__Gilliamella intestini, 95.23, 85.43, 0.318; GCF_009795885.1, s__Gilliamella sp009795885, 95.0, 93.84, 0.722; GCF_900094945.1, s__Gilliamella bombicola, 95.0, 90.83, 0.529; GCF_001690595.1, s__Gilliamella apicola_M, 95.0, 85.15, 0.296; GCF_001690355.1, s__Gilliamella apicola_A, 95.0, 84.04, 0.159; GCF_009795805.1, s__Gilliamella sp009795805, 95.0, 84.04, 0.235; GCF_001690495.1, s__Gilliamella apicola_G, 95.0, 90.13, 0.62; GCF_001690525.1, s__Gilliamella apicola_H, 95.0, 90.3, 0.604; GCF_009795845.1, s__Gilliamella sp009795845, 95.0, 84.55, 0.266; GCF_001690655.1, s__Gilliamella apicola_P, 95.0, 85.92, 0.373; GCF_900103255.1, s__Gilliamella bombi, 95.0, 86.65, 0.374; GCF_001690275.1, s__Gilliamella apicola_C, 95.0, 84.84, 0.265	N/A	N/A	N/A	N/A
BPBIL250805__BPBIL250805.MAGScoT_cleanbin_000001	d__Bacteria;p__Pseudomonadota;c__Gammaproteobacteria;o__Burkholderiales;f__Neisseriaceae;g__Snodgrassella;s__Snodgrassella gandavensis	GCF_914768025.1	95.0	d__Bacteria;p__Pseudomonadota;c__Gammaproteobacteria;o__Burkholderiales;f__Neisseriaceae;g__Snodgrassella;s__Snodgrassella gandavensis	98.73	0.882	N/A	N/A	N/A	N/A	N/A	N/A	ani_screen	classification based on ANI only	GCF_002777425.1, s__Snodgrassella alvi_B, 95.0, 94.25, 0.782; GCF_002777745.1, s__Snodgrassella alvi_D, 95.0, 88.62, 0.559; GCF_914768045.1, s__Snodgrassella communis, 95.0, 88.65, 0.6; GCA_002777825.1, s__Snodgrassella alvi_C, 95.0, 92.28, 0.709	N/A	N/A	N/A	N/A
BPBIL250805__BPBIL250805.MAGScoT_cleanbin_000002	d__Bacteria;p__Pseudomonadota;c__Gammaproteobacteria;o__Enterobacterales;f__Orbaceae;g__Gilliamella;s__Gilliamella mensalis	GCF_900103085.1	95.0	d__Bacteria;p__Pseudomonadota;c__Gammaproteobacteria;o__Enterobacterales;f__Orbaceae;g__Gilliamella;s__Gilliamella mensalis	97.9	0.603	N/A	N/A	N/A	N/A	N/A	N/A	ani_screen	classification based on ANI only	GCF_900094945.1, s__Gilliamella bombicola, 95.0, 93.4, 0.385; GCF_009795885.1, s__Gilliamella sp009795885, 95.0, 97.34, 0.682; GCF_001690595.1, s__Gilliamella apicola_M, 95.0, 89.23, 0.2; GCF_001690275.1, s__Gilliamella apicola_C, 95.0, 88.07, 0.167; GCF_001690655.1, s__Gilliamella apicola_P, 95.0, 88.26, 0.222; GCF_009795845.1, s__Gilliamella sp009795845, 95.0, 88.09, 0.158; GCF_001690525.1, s__Gilliamella apicola_H, 95.0, 93.0, 0.479; GCF_001690495.1, s__Gilliamella apicola_G, 95.0, 90.51, 0.398; GCF_900094935.1, s__Gilliamella intestini, 95.23, 88.54, 0.195; GCF_900103255.1, s__Gilliamella bombi, 95.0, 88.69, 0.229; GCF_009795805.1, s__Gilliamella sp009795805, 95.0, 87.9, 0.151	N/A	N/A	N/A	N/A
BPDON240901__BPDON240901.MAGScoT_cleanbin_000001	d__Bacteria;p__Pseudomonadota;c__Gammaproteobacteria;o__Enterobacterales;f__Orbaceae;g__Gilliamella;s__Gilliamella mensalis	GCF_900103085.1	95.0	d__Bacteria;p__Pseudomonadota;c__Gammaproteobacteria;o__Enterobacterales;f__Orbaceae;g__Gilliamella;s__Gilliamella mensalis	99.01	0.937	N/A	N/A	N/A	N/A	N/A	N/A	ani_screen	classification based on ANI only	GCF_900094945.1, s__Gilliamella bombicola, 95.0, 90.68, 0.517; GCF_001690275.1, s__Gilliamella apicola_C, 95.0, 84.19, 0.211; GCF_009795805.1, s__Gilliamella sp009795805, 95.0, 83.95, 0.206; GCF_009795885.1, s__Gilliamella sp009795885, 95.0, 93.75, 0.641; GCF_001690525.1, s__Gilliamella apicola_H, 95.0, 90.21, 0.522; GCF_900094935.1, s__Gilliamella intestini, 95.23, 85.38, 0.256; GCF_001690595.1, s__Gilliamella apicola_M, 95.0, 85.11, 0.238; GCF_001690655.1, s__Gilliamella apicola_P, 95.0, 85.74, 0.343; GCF_900103255.1, s__Gilliamella bombi, 95.0, 85.94, 0.315; GCF_001690495.1, s__Gilliamella apicola_G, 95.0, 89.8, 0.563; GCF_009795845.1, s__Gilliamella sp009795845, 95.0, 84.53, 0.218	N/A	N/A	N/A	N/A
BPDON240901__BPDON240901.MAGScoT_cleanbin_000002	d__Bacteria;p__Bacillota;c__Bacilli;o__Lactobacillales;f__Lactobacillaceae;g__Lactobacillus;s__Lactobacillus bombicola	GCF_900112665.1	95.0	d__Bacteria;p__Bacillota;c__Bacilli;o__Lactobacillales;f__Lactobacillaceae;g__Lactobacillus;s__Lactobacillus bombicola	97.44	0.865	N/A	N/A	N/A	N/A	N/A	N/A	ani_screen	classification based on ANI only	N/A	N/A	N/A	N/A	N/A
BPDON240901__BPDON240901.MAGScoT_cleanbin_000003	d__Bacteria;p__Pseudomonadota;c__Gammaproteobacteria;o__Enterobacterales;f__Orbaceae;g__Gilliamella;s__Gilliamella bombicola	GCF_900094945.1	95.0	d__Bacteria;p__Pseudomonadota;c__Gammaproteobacteria;o__Enterobacterales;f__Orbaceae;g__Gilliamella;s__Gilliamella bombicola	99.25	0.651	N/A	N/A	N/A	N/A	N/A	N/A	ani_screen	classification based on ANI only	GCF_001690595.1, s__Gilliamella apicola_M, 95.0, 86.63, 0.153; GCF_900094935.1, s__Gilliamella intestini, 95.23, 86.32, 0.16; GCF_001690495.1, s__Gilliamella apicola_G, 95.0, 87.72, 0.194; GCF_900103085.1, s__Gilliamella mensalis, 95.0, 88.16, 0.245; GCF_009795845.1, s__Gilliamella sp009795845, 95.0, 86.63, 0.173; GCF_009795805.1, s__Gilliamella sp009795805, 95.0, 86.83, 0.211; GCF_009795885.1, s__Gilliamella sp009795885, 95.0, 89.67, 0.303; GCF_001690525.1, s__Gilliamella apicola_H, 95.0, 88.65, 0.211	N/A	N/A	N/A	N/A
BPDON240901__BPDON240901.MAGScoT_cleanbin_000004	d__Bacteria;p__Actinomycetota;c__Actinomycetes;o__Actinomycetales;f__Bifidobacteriaceae;g__Bombiscardovia;s__Bombiscardovia coagulans	GCF_002259585.1	95.0	d__Bacteria;p__Actinomycetota;c__Actinomycetes;o__Actinomycetales;f__Bifidobacteriaceae;g__Bombiscardovia;s__Bombiscardovia coagulans	99.09	0.793	N/A	N/A	N/A	N/A	N/A	N/A	ani_screen	classification based on ANI only	N/A	N/A	N/A	N/A	N/A
BPDON240902__BPDON240902.MAGScoT_cleanbin_000001	d__Bacteria;p__Pseudomonadota;c__Gammaproteobacteria;o__Burkholderiales;f__Neisseriaceae;g__Snodgrassella;s__Snodgrassella gandavensis	GCF_914768025.1	95.0	d__Bacteria;p__Pseudomonadota;c__Gammaproteobacteria;o__Burkholderiales;f__Neisseriaceae;g__Snodgrassella;s__Snodgrassella gandavensis	98.84	0.894	N/A	N/A	N/A	N/A	N/A	N/A	ani_screen	classification based on ANI only	GCF_002777425.1, s__Snodgrassella alvi_B, 95.0, 94.4, 0.778; GCA_002777825.1, s__Snodgrassella alvi_C, 95.0, 92.69, 0.72; GCF_002777745.1, s__Snodgrassella alvi_D, 95.0, 88.8, 0.578; GCF_914768045.1, s__Snodgrassella communis, 95.0, 88.94, 0.594	N/A	N/A	N/A	N/A
BPDON240902__BPDON240902.MAGScoT_cleanbin_000002	d__Bacteria;p__Pseudomonadota;c__Gammaproteobacteria;o__Enterobacterales;f__Orbaceae;g__Gilliamella;s__Gilliamella bombicola	GCF_900094945.1	95.0	d__Bacteria;p__Pseudomonadota;c__Gammaproteobacteria;o__Enterobacterales;f__Orbaceae;g__Gilliamella;s__Gilliamella bombicola	98.73	0.682	N/A	N/A	N/A	N/A	N/A	N/A	ani_screen	classification based on ANI only	GCF_001690655.1, s__Gilliamella apicola_P, 95.0, 85.9, 0.244; GCF_009795885.1, s__Gilliamella sp009795885, 95.0, 92.35, 0.481; GCF_001690595.1, s__Gilliamella apicola_M, 95.0, 86.19, 0.198; GCF_900094935.1, s__Gilliamella intestini, 95.23, 86.18, 0.208; GCF_900103255.1, s__Gilliamella bombi, 95.0, 86.13, 0.231; GCF_001690495.1, s__Gilliamella apicola_G, 95.0, 89.08, 0.354; GCF_009795805.1, s__Gilliamella sp009795805, 95.0, 86.03, 0.234; GCF_900103085.1, s__Gilliamella mensalis, 95.0, 93.57, 0.551; GCF_001690525.1, s__Gilliamella apicola_H, 95.0, 89.64, 0.363; GCF_009795845.1, s__Gilliamella sp009795845, 95.0, 86.35, 0.199; GCF_001690275.1, s__Gilliamella apicola_C, 95.0, 84.74, 0.154	N/A	N/A	N/A	N/A
BPDON240902__BPDON240902.MAGScoT_cleanbin_000003	d__Bacteria;p__Bacillota;c__Bacilli;o__Lactobacillales;f__Lactobacillaceae;g__Lactobacillus;s__	N/A	N/A	N/A	N/A	N/A	N/A	N/A	N/A	N/A	N/A	d__Bacteria;p__Bacillota;c__Bacilli;o__Lactobacillales;f__Lactobacillaceae;g__Lactobacillus;s__	taxonomic classification fully defined by topology	classification based on placement in class-level tree	N/A	33.53	11	0.99939	Genome has more than 35.8% of markers with multiple hits
BPDON240903__BPDON240903.MAGScoT_cleanbin_000001	d__Bacteria;p__Bacillota;c__Bacilli;o__Lactobacillales;f__Lactobacillaceae;g__Fructobacillus;s__Fructobacillus tropaeoli	GCF_001047135.2	95.0	d__Bacteria;p__Bacillota;c__Bacilli;o__Lactobacillales;f__Lactobacillaceae;g__Fructobacillus;s__Fructobacillus tropaeoli	97.2	0.86	N/A	N/A	N/A	N/A	N/A	N/A	ani_screen	classification based on ANI only	GCF_963580165.1, s__Fructobacillus evanidus, 95.0, 92.47, 0.803; GCF_023218935.1, s__Fructobacillus cardui, 95.0, 94.92, 0.784; GCF_024029775.1, s__Fructobacillus americanaquae, 95.0, 89.0, 0.66	N/A	N/A	N/A	N/A
BPDON240903__BPDON240903.MAGScoT_cleanbin_000002	d__Bacteria;p__Pseudomonadota;c__Gammaproteobacteria;o__Enterobacterales;f__Orbaceae;g__Gilliamella;s__Gilliamella bombicola	GCF_900094945.1	95.0	d__Bacteria;p__Pseudomonadota;c__Gammaproteobacteria;o__Enterobacterales;f__Orbaceae;g__Gilliamella;s__Gilliamella bombicola	99.02	0.88	N/A	N/A	N/A	N/A	N/A	N/A	ani_screen	classification based on ANI only	GCF_009795885.1, s__Gilliamella sp009795885, 95.0, 91.1, 0.506; GCF_001690275.1, s__Gilliamella apicola_C, 95.0, 85.08, 0.174; GCF_009795805.1, s__Gilliamella sp009795805, 95.0, 86.63, 0.292; GCF_009795845.1, s__Gilliamella sp009795845, 95.0, 86.75, 0.254; GCF_001690595.1, s__Gilliamella apicola_M, 95.0, 86.92, 0.244; GCF_001690525.1, s__Gilliamella apicola_H, 95.0, 89.49, 0.384; GCF_900094935.1, s__Gilliamella intestini, 95.23, 86.36, 0.258; GCF_001690655.1, s__Gilliamella apicola_P, 95.0, 86.12, 0.246; GCF_001690495.1, s__Gilliamella apicola_G, 95.0, 88.6, 0.369; GCF_900103255.1, s__Gilliamella bombi, 95.0, 86.23, 0.25; GCF_900103085.1, s__Gilliamella mensalis, 95.0, 90.23, 0.473	N/A	N/A	N/A	N/A
BPDON240903__BPDON240903.MAGScoT_cleanbin_000003	d__Bacteria;p__Actinomycetota;c__Actinomycetes;o__Actinomycetales;f__Bifidobacteriaceae;g__Bombiscardovia;s__Bombiscardovia coagulans	GCF_002259585.1	95.0	d__Bacteria;p__Actinomycetota;c__Actinomycetes;o__Actinomycetales;f__Bifidobacteriaceae;g__Bombiscardovia;s__Bombiscardovia coagulans	98.83	0.89	N/A	N/A	N/A	N/A	N/A	N/A	ani_screen	classification based on ANI only	N/A	N/A	N/A	N/A	N/A
BPDON240903__BPDON240903.MAGScoT_cleanbin_000004	d__Bacteria;p__Pseudomonadota;c__Gammaproteobacteria;o__Enterobacterales;f__Orbaceae;g__Gilliamella;s__Gilliamella mensalis	GCF_900103085.1	95.0	d__Bacteria;p__Pseudomonadota;c__Gammaproteobacteria;o__Enterobacterales;f__Orbaceae;g__Gilliamella;s__Gilliamella mensalis	98.63	0.766	N/A	N/A	N/A	N/A	N/A	N/A	ani_screen	classification based on ANI only	GCF_001690495.1, s__Gilliamella apicola_G, 95.0, 89.48, 0.397; GCF_001690525.1, s__Gilliamella apicola_H, 95.0, 89.98, 0.368; GCF_009795885.1, s__Gilliamella sp009795885, 95.0, 93.03, 0.476; GCF_900094935.1, s__Gilliamella intestini, 95.23, 85.49, 0.193; GCF_001690655.1, s__Gilliamella apicola_P, 95.0, 85.89, 0.238; GCF_001690275.1, s__Gilliamella apicola_C, 95.0, 85.47, 0.151; GCF_900094945.1, s__Gilliamella bombicola, 95.0, 89.45, 0.385; GCF_900103255.1, s__Gilliamella bombi, 95.0, 86.26, 0.224	N/A	N/A	N/A	N/A
BPDON240904__BPDON240904.MAGScoT_cleanbin_000001	d__Bacteria;p__Pseudomonadota;c__Gammaproteobacteria;o__Enterobacterales;f__Orbaceae;g__Gilliamella;s__Gilliamella mensalis	GCF_900103085.1	95.0	d__Bacteria;p__Pseudomonadota;c__Gammaproteobacteria;o__Enterobacterales;f__Orbaceae;g__Gilliamella;s__Gilliamella mensalis	99.02	0.904	N/A	N/A	N/A	N/A	N/A	N/A	ani_screen	classification based on ANI only	GCF_001690275.1, s__Gilliamella apicola_C, 95.0, 83.98, 0.252; GCF_900094945.1, s__Gilliamella bombicola, 95.0, 90.96, 0.527; GCF_001690595.1, s__Gilliamella apicola_M, 95.0, 84.45, 0.28; GCF_001690355.1, s__Gilliamella apicola_A, 95.0, 83.56, 0.152; GCF_900103255.1, s__Gilliamella bombi, 95.0, 85.38, 0.357; GCF_009795885.1, s__Gilliamella sp009795885, 95.0, 93.92, 0.697; GCF_009795805.1, s__Gilliamella sp009795805, 95.0, 83.64, 0.229; GCF_001690525.1, s__Gilliamella apicola_H, 95.0, 89.45, 0.564; GCF_001690495.1, s__Gilliamella apicola_G, 95.0, 89.62, 0.593; GCF_900094935.1, s__Gilliamella intestini, 95.23, 84.39, 0.309; GCF_009795845.1, s__Gilliamella sp009795845, 95.0, 84.09, 0.262; GCF_001690655.1, s__Gilliamella apicola_P, 95.0, 85.45, 0.385	N/A	N/A	N/A	N/A
BPDON240904__BPDON240904.MAGScoT_cleanbin_000002	d__Bacteria;p__Bacillota;c__Bacilli;o__Lactobacillales;f__Lactobacillaceae;g__Lactobacillus;s__Lactobacillus bombicola	GCF_900112665.1	95.0	d__Bacteria;p__Bacillota;c__Bacilli;o__Lactobacillales;f__Lactobacillaceae;g__Lactobacillus;s__Lactobacillus bombicola	97.3	0.789	N/A	N/A	N/A	N/A	N/A	N/A	ani_screen	classification based on ANI only	N/A	N/A	N/A	N/A	N/A
BPDON240905__BPDON240905.MAGScoT_cleanbin_000001	d__Bacteria;p__Pseudomonadota;c__Gammaproteobacteria;o__Burkholderiales;f__Neisseriaceae;g__Snodgrassella;s__Snodgrassella gandavensis	GCF_914768025.1	95.0	d__Bacteria;p__Pseudomonadota;c__Gammaproteobacteria;o__Burkholderiales;f__Neisseriaceae;g__Snodgrassella;s__Snodgrassella gandavensis	98.57	0.937	N/A	N/A	N/A	N/A	N/A	N/A	ani_screen	classification based on ANI only	GCF_914768045.1, s__Snodgrassella communis, 95.0, 88.45, 0.593; GCF_002777745.1, s__Snodgrassella alvi_D, 95.0, 88.33, 0.595; GCF_002777425.1, s__Snodgrassella alvi_B, 95.0, 93.98, 0.802; GCA_002777825.1, s__Snodgrassella alvi_C, 95.0, 92.18, 0.76	N/A	N/A	N/A	N/A
BPDON240905__BPDON240905.MAGScoT_cleanbin_000002	d__Bacteria;p__Actinomycetota;c__Actinomycetes;o__Actinomycetales;f__Bifidobacteriaceae;g__Bombiscardovia;s__Bombiscardovia coagulans	GCF_002259585.1	95.0	d__Bacteria;p__Actinomycetota;c__Actinomycetes;o__Actinomycetales;f__Bifidobacteriaceae;g__Bombiscardovia;s__Bombiscardovia coagulans	98.87	0.943	N/A	N/A	N/A	N/A	N/A	N/A	ani_screen	classification based on ANI only	N/A	N/A	N/A	N/A	N/A
BPDON250901__BPDON250901.MAGScoT_cleanbin_000001	d__Bacteria;p__Pseudomonadota;c__Gammaproteobacteria;o__Burkholderiales;f__Neisseriaceae;g__Snodgrassella;s__Snodgrassella gandavensis	GCF_914768025.1	95.0	d__Bacteria;p__Pseudomonadota;c__Gammaproteobacteria;o__Burkholderiales;f__Neisseriaceae;g__Snodgrassella;s__Snodgrassella gandavensis	98.86	0.924	N/A	N/A	N/A	N/A	N/A	N/A	ani_screen	classification based on ANI only	GCF_002777745.1, s__Snodgrassella alvi_D, 95.0, 88.79, 0.597; GCF_002777425.1, s__Snodgrassella alvi_B, 95.0, 94.25, 0.812; GCF_000600005.1, s__Snodgrassella alvi, 95.0, 81.99, 0.151; GCF_914768045.1, s__Snodgrassella communis, 95.0, 88.88, 0.601; GCA_002777825.1, s__Snodgrassella alvi_C, 95.0, 92.69, 0.755	N/A	N/A	N/A	N/A
BPDON250901__BPDON250901.MAGScoT_cleanbin_000002	d__Bacteria;p__Pseudomonadota;c__Gammaproteobacteria;o__Enterobacterales;f__Orbaceae;g__Gilliamella;s__Gilliamella mensalis	GCF_900103085.1	95.0	d__Bacteria;p__Pseudomonadota;c__Gammaproteobacteria;o__Enterobacterales;f__Orbaceae;g__Gilliamella;s__Gilliamella mensalis	98.9	0.901	N/A	N/A	N/A	N/A	N/A	N/A	ani_screen	classification based on ANI only	GCF_009795805.1, s__Gilliamella sp009795805, 95.0, 83.95, 0.219; GCF_009795885.1, s__Gilliamella sp009795885, 95.0, 93.78, 0.696; GCF_001690595.1, s__Gilliamella apicola_M, 95.0, 85.16, 0.259; GCF_001690275.1, s__Gilliamella apicola_C, 95.0, 84.31, 0.235; GCF_001690525.1, s__Gilliamella apicola_H, 95.0, 90.36, 0.57; GCF_001690495.1, s__Gilliamella apicola_G, 95.0, 89.82, 0.584; GCF_900094935.1, s__Gilliamella intestini, 95.23, 85.48, 0.291; GCF_900103255.1, s__Gilliamella bombi, 95.0, 86.23, 0.36; GCF_009795845.1, s__Gilliamella sp009795845, 95.0, 84.41, 0.249; GCF_001690655.1, s__Gilliamella apicola_P, 95.0, 85.85, 0.358; GCF_900094945.1, s__Gilliamella bombicola, 95.0, 90.83, 0.505	N/A	N/A	N/A	N/A
BPDON250902__BPDON250902.MAGScoT_cleanbin_000001	d__Bacteria;p__Pseudomonadota;c__Gammaproteobacteria;o__Burkholderiales;f__Neisseriaceae;g__Snodgrassella;s__Snodgrassella gandavensis	GCF_914768025.1	95.0	d__Bacteria;p__Pseudomonadota;c__Gammaproteobacteria;o__Burkholderiales;f__Neisseriaceae;g__Snodgrassella;s__Snodgrassella gandavensis	98.75	0.896	N/A	N/A	N/A	N/A	N/A	N/A	ani_screen	classification based on ANI only	GCF_002777745.1, s__Snodgrassella alvi_D, 95.0, 88.48, 0.554; GCA_002777825.1, s__Snodgrassella alvi_C, 95.0, 91.91, 0.694; GCF_002777425.1, s__Snodgrassella alvi_B, 95.0, 94.13, 0.752; GCF_914768045.1, s__Snodgrassella communis, 95.0, 88.49, 0.589	N/A	N/A	N/A	N/A
BPDON250902__BPDON250902.MAGScoT_cleanbin_000002	d__Bacteria;p__Bacillota;c__Bacilli;o__Lactobacillales;f__Lactobacillaceae;g__Xylocopilactobacillus;s__	N/A	N/A	N/A	N/A	N/A	N/A	N/A	N/A	N/A	N/A	d__Bacteria;p__Bacillota;c__Bacilli;o__Lactobacillales;f__Lactobacillaceae;g__Xylocopilactobacillus;s__	taxonomic classification fully defined by topology	classification based on placement in class-level tree	N/A	94.85	11	0.99041	N/A
BPDON250902__BPDON250902.MAGScoT_cleanbin_000003	d__Bacteria;p__Pseudomonadota;c__Gammaproteobacteria;o__Enterobacterales;f__Orbaceae;g__Gilliamella;s__Gilliamella mensalis	GCF_900103085.1	95.0	d__Bacteria;p__Pseudomonadota;c__Gammaproteobacteria;o__Enterobacterales;f__Orbaceae;g__Gilliamella;s__Gilliamella mensalis	98.54	0.758	N/A	N/A	N/A	N/A	N/A	N/A	ani_screen	classification based on ANI only	GCF_900094935.1, s__Gilliamella intestini, 95.23, 87.29, 0.185; GCF_900094945.1, s__Gilliamella bombicola, 95.0, 92.64, 0.458; GCF_900103255.1, s__Gilliamella bombi, 95.0, 87.32, 0.208; GCF_009795885.1, s__Gilliamella sp009795885, 95.0, 93.54, 0.61; GCF_001690595.1, s__Gilliamella apicola_M, 95.0, 87.84, 0.169; GCF_001690525.1, s__Gilliamella apicola_H, 95.0, 90.36, 0.423; GCF_001690495.1, s__Gilliamella apicola_G, 95.0, 90.04, 0.415; GCF_001690655.1, s__Gilliamella apicola_P, 95.0, 87.38, 0.195	N/A	N/A	N/A	N/A
BPDON250903__BPDON250903.MAGScoT_cleanbin_000001	d__Bacteria;p__Pseudomonadota;c__Gammaproteobacteria;o__Enterobacterales;f__Orbaceae;g__Gilliamella;s__Gilliamella bombicola	GCF_900094945.1	95.0	d__Bacteria;p__Pseudomonadota;c__Gammaproteobacteria;o__Enterobacterales;f__Orbaceae;g__Gilliamella;s__Gilliamella bombicola	98.64	0.762	N/A	N/A	N/A	N/A	N/A	N/A	ani_screen	classification based on ANI only	GCF_900094935.1, s__Gilliamella intestini, 95.23, 90.04, 0.154; GCF_001690495.1, s__Gilliamella apicola_G, 95.0, 92.05, 0.3; GCF_900103085.1, s__Gilliamella mensalis, 95.0, 97.48, 0.635; GCF_900103255.1, s__Gilliamella bombi, 95.0, 90.27, 0.159; GCF_001690655.1, s__Gilliamella apicola_P, 95.0, 89.52, 0.165; GCF_001690525.1, s__Gilliamella apicola_H, 95.0, 92.59, 0.32; GCF_009795885.1, s__Gilliamella sp009795885, 95.0, 95.2, 0.444	N/A	N/A	N/A	N/A
BPDON250904__BPDON250904.MAGScoT_cleanbin_000001	d__Bacteria;p__Pseudomonadota;c__Gammaproteobacteria;o__Burkholderiales;f__Neisseriaceae;g__Snodgrassella;s__Snodgrassella gandavensis	GCF_914768025.1	95.0	d__Bacteria;p__Pseudomonadota;c__Gammaproteobacteria;o__Burkholderiales;f__Neisseriaceae;g__Snodgrassella;s__Snodgrassella gandavensis	98.71	0.844	N/A	N/A	N/A	N/A	N/A	N/A	ani_screen	classification based on ANI only	GCF_002777745.1, s__Snodgrassella alvi_D, 95.0, 88.68, 0.525; GCF_914768045.1, s__Snodgrassella communis, 95.0, 89.02, 0.58; GCF_002777425.1, s__Snodgrassella alvi_B, 95.0, 94.15, 0.739; GCA_002777825.1, s__Snodgrassella alvi_C, 95.0, 92.54, 0.675	N/A	N/A	N/A	N/A
BPDON250904__BPDON250904.MAGScoT_cleanbin_000002	d__Bacteria;p__Pseudomonadota;c__Gammaproteobacteria;o__Enterobacterales;f__Orbaceae;g__Gilliamella;s__Gilliamella bombicola	GCF_900094945.1	95.0	d__Bacteria;p__Pseudomonadota;c__Gammaproteobacteria;o__Enterobacterales;f__Orbaceae;g__Gilliamella;s__Gilliamella bombicola	98.54	0.722	N/A	N/A	N/A	N/A	N/A	N/A	ani_screen	classification based on ANI only	GCF_001690525.1, s__Gilliamella apicola_H, 95.0, 93.54, 0.368; GCF_900103255.1, s__Gilliamella bombi, 95.0, 90.12, 0.158; GCF_009795885.1, s__Gilliamella sp009795885, 95.0, 96.65, 0.541; GCF_001690495.1, s__Gilliamella apicola_G, 95.0, 91.75, 0.311; GCF_900103085.1, s__Gilliamella mensalis, 95.0, 97.42, 0.643; GCF_001690655.1, s__Gilliamella apicola_P, 95.0, 89.5, 0.175	N/A	N/A	N/A	N/A
BPDON250905__BPDON250905.MAGScoT_cleanbin_000001	d__Bacteria;p__Pseudomonadota;c__Gammaproteobacteria;o__Pseudomonadales;f__Pseudomonadaceae;g__Entomomonas;s__	N/A	N/A	N/A	N/A	N/A	N/A	N/A	N/A	N/A	N/A	d__Bacteria;p__Pseudomonadota;c__Gammaproteobacteria;o__Pseudomonadales;f__Pseudomonadaceae;g__Entomomonas;s__	taxonomic novelty determined using RED	classification based on placement in class-level tree	N/A	98.48	11	0.9622	N/A
BPDON250905__BPDON250905.MAGScoT_cleanbin_000002	d__Bacteria;p__Actinomycetota;c__Actinomycetes;o__Actinomycetales;f__Bifidobacteriaceae;g__Bombiscardovia;s__Bombiscardovia coagulans	GCF_002259585.1	95.0	d__Bacteria;p__Actinomycetota;c__Actinomycetes;o__Actinomycetales;f__Bifidobacteriaceae;g__Bombiscardovia;s__Bombiscardovia coagulans	99.02	0.914	N/A	N/A	N/A	N/A	N/A	N/A	ani_screen	classification based on ANI only	N/A	N/A	N/A	N/A	N/A
BPDON250905__BPDON250905.MAGScoT_cleanbin_000003	d__Bacteria;p__Pseudomonadota;c__Gammaproteobacteria;o__Burkholderiales;f__Neisseriaceae;g__Snodgrassella;s__Snodgrassella gandavensis	GCF_914768025.1	95.0	d__Bacteria;p__Pseudomonadota;c__Gammaproteobacteria;o__Burkholderiales;f__Neisseriaceae;g__Snodgrassella;s__Snodgrassella gandavensis	98.79	0.9	N/A	N/A	N/A	N/A	N/A	N/A	ani_screen	classification based on ANI only	GCF_914768045.1, s__Snodgrassella communis, 95.0, 89.57, 0.54; GCF_002777745.1, s__Snodgrassella alvi_D, 95.0, 89.16, 0.515; GCA_002777825.1, s__Snodgrassella alvi_C, 95.0, 92.66, 0.708; GCF_002777425.1, s__Snodgrassella alvi_B, 95.0, 94.32, 0.775	N/A	N/A	N/A	N/A
BPDON250905__BPDON250905.MAGScoT_cleanbin_000004	d__Bacteria;p__Pseudomonadota;c__Gammaproteobacteria;o__Enterobacterales;f__Enterobacteriaceae;g__Pantoea;s__Pantoea trifolii	GCF_024506435.1	95.0	d__Bacteria;p__Pseudomonadota;c__Gammaproteobacteria;o__Enterobacterales;f__Enterobacteriaceae;g__Pantoea;s__Pantoea trifolii	98.41	0.852	N/A	N/A	N/A	N/A	N/A	N/A	ani_screen	classification based on ANI only	GCF_000759475.1, s__Pantoea rwandensis_B, 95.0, 87.4, 0.233; GCF_900215435.1, s__Pantoea floridensis, 95.0, 89.92, 0.431; GCF_037479095.1, s__Pantoea nemavictus, 95.0, 90.51, 0.513; GCF_001506165.1, s__Pantoea vagans_C, 95.0, 87.25, 0.211; GCF_011752685.1, s__Pantoea communis, 95.0, 87.46, 0.248; GCF_002095485.1, s__Pantoea wallisii, 95.0, 87.19, 0.196; GCF_007833795.1, s__Pantoea soli, 95.0, 86.64, 0.165; GCF_002095465.1, s__Pantoea rodasii, 95.0, 87.66, 0.244; GCF_030062155.1, s__Pantoea sp030062155, 95.0, 88.0, 0.158; GCF_000175935.2, s__Pantoea sp000175935, 95.0, 86.31, 0.151; GCF_001598475.1, s__Pantoea agglomerans, 95.0, 89.71, 0.167; GCF_035783935.1, s__Pantoea dispersa_C, 95.0, 87.24, 0.225; GCF_002095475.1, s__Pantoea rwandensis, 95.0, 87.29, 0.204; GCA_051302795.1, s__Pantoea ludwigii_A, 95.0, 91.38, 0.596; GCF_900114175.1, s__Pantoea symbiotica, 95.23, 95.93, 0.783; GCA_965147305.1, s__Pantoea sp965147305, 95.0, 87.57, 0.249; GCF_013385945.1, s__Pantoea sp013385945, 95.0, 94.29, 0.723; GCF_020179835.1, s__Pantoea sp020179835, 95.0, 87.73, 0.244; GCF_014155765.1, s__Pantoea dispersa, 95.0, 87.2, 0.222; GCF_011752625.1, s__Pantoea formicae, 95.0, 87.33, 0.203; GCF_039594315.1, s__Pantoea sp039594315, 95.0, 89.83, 0.384; GCA_966185695.1, s__Pantoea sp966185695, 95.0, 87.62, 0.259; GCF_002095535.1, s__Pantoea cypripedii, 95.0, 86.48, 0.184; GCF_028048155.1, s__Pantoea leporis, 95.0, 93.98, 0.728; GCF_047947045.1, s__Pantoea sp028283705, 95.0, 86.36, 0.161; GCF_011395035.1, s__Pantoea cypripedii_A, 95.0, 86.26, 0.164; GCF_016625195.1, s__Pantoea sp016625195, 95.0, 87.84, 0.252	N/A	N/A	N/A	N/A
BPDON250905__BPDON250905.MAGScoT_cleanbin_000005	d__Bacteria;p__Bacillota;c__Bacilli;o__Lactobacillales;f__Lactobacillaceae;g__Lactobacillus;s__Lactobacillus bombicola	GCF_900112665.1	95.0	d__Bacteria;p__Bacillota;c__Bacilli;o__Lactobacillales;f__Lactobacillaceae;g__Lactobacillus;s__Lactobacillus bombicola	97.78	0.544	N/A	N/A	N/A	N/A	N/A	N/A	ani_screen	classification based on ANI only	GCF_009795885.1, s__Gilliamella sp009795885, 95.0, 99.14, 0.223	N/A	N/A	N/A	N/A
BPDON250905__BPDON250905.MAGScoT_cleanbin_000006	d__Bacteria;p__Pseudomonadota;c__Gammaproteobacteria;o__Enterobacterales;f__Enterobacteriaceae;g__Rosenbergiella;s__Rosenbergiella nectarea	GCF_900111105.1	95.0	d__Bacteria;p__Pseudomonadota;c__Gammaproteobacteria;o__Enterobacterales;f__Enterobacteriaceae;g__Rosenbergiella;s__Rosenbergiella nectarea	99.09	0.857	N/A	N/A	N/A	N/A	N/A	N/A	ani_screen	classification based on ANI only	GCF_018494055.1, s__Rosenbergiella epipactidis, 95.0, 91.92, 0.219; GCF_022602565.1, s__Rosenbergiella metrosideri, 95.0, 91.33, 0.185	N/A	N/A	N/A	N/A
BPGAS240901__BPGAS240901.MAGScoT_cleanbin_000001	d__Bacteria;p__Pseudomonadota;c__Gammaproteobacteria;o__Burkholderiales;f__Neisseriaceae;g__Snodgrassella;s__Snodgrassella gandavensis	GCF_914768025.1	95.0	d__Bacteria;p__Pseudomonadota;c__Gammaproteobacteria;o__Burkholderiales;f__Neisseriaceae;g__Snodgrassella;s__Snodgrassella gandavensis	98.77	0.92	N/A	N/A	N/A	N/A	N/A	N/A	ani_screen	classification based on ANI only	GCA_002777825.1, s__Snodgrassella alvi_C, 95.0, 91.91, 0.712; GCF_002777425.1, s__Snodgrassella alvi_B, 95.0, 94.09, 0.773; GCF_002777745.1, s__Snodgrassella alvi_D, 95.0, 88.51, 0.577; GCF_914768045.1, s__Snodgrassella communis, 95.0, 88.54, 0.586	N/A	N/A	N/A	N/A
BPGAS240901__BPGAS240901.MAGScoT_cleanbin_000002	d__Bacteria;p__Pseudomonadota;c__Gammaproteobacteria;o__Enterobacterales;f__Orbaceae;g__Gilliamella;s__Gilliamella mensalis	GCF_900103085.1	95.0	d__Bacteria;p__Pseudomonadota;c__Gammaproteobacteria;o__Enterobacterales;f__Orbaceae;g__Gilliamella;s__Gilliamella mensalis	99.03	0.924	N/A	N/A	N/A	N/A	N/A	N/A	ani_screen	classification based on ANI only	GCF_900103255.1, s__Gilliamella bombi, 95.0, 86.72, 0.302; GCF_001690495.1, s__Gilliamella apicola_G, 95.0, 89.85, 0.533; GCF_001690525.1, s__Gilliamella apicola_H, 95.0, 90.26, 0.512; GCF_009795805.1, s__Gilliamella sp009795805, 95.0, 84.35, 0.177; GCF_900094945.1, s__Gilliamella bombicola, 95.0, 90.65, 0.497; GCF_001690655.1, s__Gilliamella apicola_P, 95.0, 86.53, 0.317; GCF_009795845.1, s__Gilliamella sp009795845, 95.0, 85.01, 0.186; GCF_009795885.1, s__Gilliamella sp009795885, 95.0, 93.77, 0.635; GCF_001690595.1, s__Gilliamella apicola_M, 95.0, 85.99, 0.218; GCF_001690275.1, s__Gilliamella apicola_C, 95.0, 85.25, 0.2; GCF_900094935.1, s__Gilliamella intestini, 95.23, 85.86, 0.245	N/A	N/A	N/A	N/A
BPGAS240901__BPGAS240901.MAGScoT_cleanbin_000003	d__Bacteria;p__Pseudomonadota;c__Gammaproteobacteria;o__Enterobacterales;f__Orbaceae;g__Gilliamella;s__Gilliamella bombicola	GCF_900094945.1	95.0	d__Bacteria;p__Pseudomonadota;c__Gammaproteobacteria;o__Enterobacterales;f__Orbaceae;g__Gilliamella;s__Gilliamella bombicola	98.85	0.727	N/A	N/A	N/A	N/A	N/A	N/A	ani_screen	classification based on ANI only	GCF_001690495.1, s__Gilliamella apicola_G, 95.0, 87.01, 0.224; GCF_009795805.1, s__Gilliamella sp009795805, 95.0, 86.49, 0.222; GCF_900094935.1, s__Gilliamella intestini, 95.23, 85.89, 0.17; GCF_001690595.1, s__Gilliamella apicola_M, 95.0, 86.25, 0.16; GCF_001690655.1, s__Gilliamella apicola_P, 95.0, 85.6, 0.174; GCF_009795885.1, s__Gilliamella sp009795885, 95.0, 90.6, 0.349; GCF_900103255.1, s__Gilliamella bombi, 95.0, 85.9, 0.167; GCF_001690525.1, s__Gilliamella apicola_H, 95.0, 89.35, 0.254; GCF_009795845.1, s__Gilliamella sp009795845, 95.0, 86.52, 0.174; GCF_900103085.1, s__Gilliamella mensalis, 95.0, 89.05, 0.328	N/A	N/A	N/A	N/A
BPGAS240903__BPGAS240903.MAGScoT_cleanbin_000001	d__Bacteria;p__Pseudomonadota;c__Gammaproteobacteria;o__Burkholderiales;f__Neisseriaceae;g__Snodgrassella;s__Snodgrassella gandavensis	GCF_914768025.1	95.0	d__Bacteria;p__Pseudomonadota;c__Gammaproteobacteria;o__Burkholderiales;f__Neisseriaceae;g__Snodgrassella;s__Snodgrassella gandavensis	98.71	0.898	N/A	N/A	N/A	N/A	N/A	N/A	ani_screen	classification based on ANI only	GCF_002777425.1, s__Snodgrassella alvi_B, 95.0, 94.26, 0.754; GCF_002777745.1, s__Snodgrassella alvi_D, 95.0, 88.41, 0.557; GCA_002777825.1, s__Snodgrassella alvi_C, 95.0, 92.11, 0.702; GCF_914768045.1, s__Snodgrassella communis, 95.0, 88.52, 0.598	N/A	N/A	N/A	N/A
BPGAS240903__BPGAS240903.MAGScoT_cleanbin_000002	d__Bacteria;p__Pseudomonadota;c__Gammaproteobacteria;o__Enterobacterales;f__Orbaceae;g__Gilliamella;s__Gilliamella mensalis	GCF_900103085.1	95.0	d__Bacteria;p__Pseudomonadota;c__Gammaproteobacteria;o__Enterobacterales;f__Orbaceae;g__Gilliamella;s__Gilliamella mensalis	98.95	0.929	N/A	N/A	N/A	N/A	N/A	N/A	ani_screen	classification based on ANI only	GCF_001690495.1, s__Gilliamella apicola_G, 95.0, 89.97, 0.627; GCF_900103255.1, s__Gilliamella bombi, 95.0, 86.18, 0.37; GCF_001690655.1, s__Gilliamella apicola_P, 95.0, 86.35, 0.364; GCF_001690595.1, s__Gilliamella apicola_M, 95.0, 85.14, 0.287; GCF_900094945.1, s__Gilliamella bombicola, 95.0, 91.24, 0.543; GCF_009795885.1, s__Gilliamella sp009795885, 95.0, 93.85, 0.735; GCF_001690525.1, s__Gilliamella apicola_H, 95.0, 90.31, 0.597; GCF_900094935.1, s__Gilliamella intestini, 95.23, 85.26, 0.301; GCF_009795845.1, s__Gilliamella sp009795845, 95.0, 84.11, 0.239; GCF_009795805.1, s__Gilliamella sp009795805, 95.0, 83.57, 0.223; GCF_001690275.1, s__Gilliamella apicola_C, 95.0, 84.39, 0.246	N/A	N/A	N/A	N/A
BPGAS240904__BPGAS240904.MAGScoT_cleanbin_000001	d__Bacteria;p__Pseudomonadota;c__Gammaproteobacteria;o__Burkholderiales;f__Neisseriaceae;g__Snodgrassella;s__Snodgrassella gandavensis	GCF_914768025.1	95.0	d__Bacteria;p__Pseudomonadota;c__Gammaproteobacteria;o__Burkholderiales;f__Neisseriaceae;g__Snodgrassella;s__Snodgrassella gandavensis	98.81	0.912	N/A	N/A	N/A	N/A	N/A	N/A	ani_screen	classification based on ANI only	GCA_002777825.1, s__Snodgrassella alvi_C, 95.0, 92.45, 0.729; GCF_914768045.1, s__Snodgrassella communis, 95.0, 88.73, 0.598; GCF_002777425.1, s__Snodgrassella alvi_B, 95.0, 94.13, 0.788; GCF_002777745.1, s__Snodgrassella alvi_D, 95.0, 88.35, 0.588	N/A	N/A	N/A	N/A
BPGAS240904__BPGAS240904.MAGScoT_cleanbin_000002	d__Bacteria;p__Pseudomonadota;c__Gammaproteobacteria;o__Enterobacterales;f__Orbaceae;g__Gilliamella;s__Gilliamella sp009795885	GCF_009795885.1	95.0	d__Bacteria;p__Pseudomonadota;c__Gammaproteobacteria;o__Enterobacterales;f__Orbaceae;g__Gilliamella;s__Gilliamella sp009795885	98.75	0.748	N/A	N/A	N/A	N/A	N/A	N/A	ani_screen	classification based on ANI only	GCF_001690655.1, s__Gilliamella apicola_P, 95.0, 88.61, 0.208; GCF_001690495.1, s__Gilliamella apicola_G, 95.0, 91.32, 0.415; GCF_900103085.1, s__Gilliamella mensalis, 95.0, 94.63, 0.576; GCF_900103255.1, s__Gilliamella bombi, 95.0, 89.78, 0.213; GCF_001690595.1, s__Gilliamella apicola_M, 95.0, 88.75, 0.177; GCF_001690525.1, s__Gilliamella apicola_H, 95.0, 93.94, 0.552; GCF_009795845.1, s__Gilliamella sp009795845, 95.0, 88.42, 0.154; GCF_900094935.1, s__Gilliamella intestini, 95.23, 88.93, 0.174; GCF_900094945.1, s__Gilliamella bombicola, 95.0, 94.32, 0.506	N/A	N/A	N/A	N/A
BPGAS240905__BPGAS240905.MAGScoT_cleanbin_000001	d__Bacteria;p__Pseudomonadota;c__Gammaproteobacteria;o__Enterobacterales;f__Orbaceae;g__Gilliamella;s__Gilliamella mensalis	GCF_900103085.1	95.0	d__Bacteria;p__Pseudomonadota;c__Gammaproteobacteria;o__Enterobacterales;f__Orbaceae;g__Gilliamella;s__Gilliamella mensalis	99.0	0.946	N/A	N/A	N/A	N/A	N/A	N/A	ani_screen	classification based on ANI only	GCF_001690595.1, s__Gilliamella apicola_M, 95.0, 84.31, 0.284; GCF_001690275.1, s__Gilliamella apicola_C, 95.0, 83.93, 0.255; GCF_001690355.1, s__Gilliamella apicola_A, 95.0, 83.66, 0.152; GCF_001690655.1, s__Gilliamella apicola_P, 95.0, 85.74, 0.379; GCF_009795845.1, s__Gilliamella sp009795845, 95.0, 84.03, 0.258; GCF_009795885.1, s__Gilliamella sp009795885, 95.0, 93.92, 0.739; GCF_900103255.1, s__Gilliamella bombi, 95.0, 85.6, 0.38; GCF_001690495.1, s__Gilliamella apicola_G, 95.0, 90.09, 0.636; GCF_001690525.1, s__Gilliamella apicola_H, 95.0, 89.66, 0.611; GCF_900094935.1, s__Gilliamella intestini, 95.23, 84.38, 0.313; GCF_900094945.1, s__Gilliamella bombicola, 95.0, 90.92, 0.553; GCF_009795805.1, s__Gilliamella sp009795805, 95.0, 83.59, 0.236	N/A	N/A	N/A	N/A
BPGAS240906__BPGAS240906.MAGScoT_cleanbin_000001	d__Bacteria;p__Pseudomonadota;c__Gammaproteobacteria;o__Enterobacterales;f__Orbaceae;g__Gilliamella;s__Gilliamella mensalis	GCF_900103085.1	95.0	d__Bacteria;p__Pseudomonadota;c__Gammaproteobacteria;o__Enterobacterales;f__Orbaceae;g__Gilliamella;s__Gilliamella mensalis	99.13	0.935	N/A	N/A	N/A	N/A	N/A	N/A	ani_screen	classification based on ANI only	GCF_001690275.1, s__Gilliamella apicola_C, 95.0, 84.36, 0.246; GCF_900094945.1, s__Gilliamella bombicola, 95.0, 91.58, 0.534; GCF_001690655.1, s__Gilliamella apicola_P, 95.0, 86.44, 0.364; GCF_001690355.1, s__Gilliamella apicola_A, 95.0, 84.13, 0.152; GCF_009795885.1, s__Gilliamella sp009795885, 95.0, 93.92, 0.723; GCF_900103255.1, s__Gilliamella bombi, 95.0, 86.51, 0.359; GCF_009795845.1, s__Gilliamella sp009795845, 95.0, 84.71, 0.244; GCF_001690495.1, s__Gilliamella apicola_G, 95.0, 90.03, 0.606; GCF_900094935.1, s__Gilliamella intestini, 95.23, 85.24, 0.302; GCF_009795805.1, s__Gilliamella sp009795805, 95.0, 84.18, 0.222; GCF_001690595.1, s__Gilliamella apicola_M, 95.0, 85.34, 0.279; GCF_001690525.1, s__Gilliamella apicola_H, 95.0, 90.35, 0.595	N/A	N/A	N/A	N/A
BPGAS250901__BPGAS250901.MAGScoT_cleanbin_000001	d__Bacteria;p__Pseudomonadota;c__Gammaproteobacteria;o__Burkholderiales;f__Neisseriaceae;g__Snodgrassella;s__Snodgrassella gandavensis	GCF_914768025.1	95.0	d__Bacteria;p__Pseudomonadota;c__Gammaproteobacteria;o__Burkholderiales;f__Neisseriaceae;g__Snodgrassella;s__Snodgrassella gandavensis	98.77	0.93	N/A	N/A	N/A	N/A	N/A	N/A	ani_screen	classification based on ANI only	GCF_914768045.1, s__Snodgrassella communis, 95.0, 88.55, 0.605; GCF_002777425.1, s__Snodgrassella alvi_B, 95.0, 94.25, 0.785; GCF_002777745.1, s__Snodgrassella alvi_D, 95.0, 88.28, 0.586; GCA_002777825.1, s__Snodgrassella alvi_C, 95.0, 91.84, 0.728	N/A	N/A	N/A	N/A
BPGAS250902__BPGAS250902.MAGScoT_cleanbin_000001	d__Bacteria;p__Pseudomonadota;c__Gammaproteobacteria;o__Burkholderiales;f__Neisseriaceae;g__Snodgrassella;s__Snodgrassella gandavensis	GCF_914768025.1	95.0	d__Bacteria;p__Pseudomonadota;c__Gammaproteobacteria;o__Burkholderiales;f__Neisseriaceae;g__Snodgrassella;s__Snodgrassella gandavensis	98.77	0.922	N/A	N/A	N/A	N/A	N/A	N/A	ani_screen	classification based on ANI only	GCF_002777425.1, s__Snodgrassella alvi_B, 95.0, 93.99, 0.772; GCF_002777745.1, s__Snodgrassella alvi_D, 95.0, 88.33, 0.593; GCA_002777825.1, s__Snodgrassella alvi_C, 95.0, 92.07, 0.717; GCF_914768045.1, s__Snodgrassella communis, 95.0, 88.48, 0.6	N/A	N/A	N/A	N/A
BPGAS250902__BPGAS250902.MAGScoT_cleanbin_000002	d__Bacteria;p__Pseudomonadota;c__Gammaproteobacteria;o__Enterobacterales;f__Orbaceae;g__Gilliamella;s__Gilliamella sp009795885	GCF_009795885.1	95.0	d__Bacteria;p__Pseudomonadota;c__Gammaproteobacteria;o__Enterobacterales;f__Orbaceae;g__Gilliamella;s__Gilliamella sp009795885	98.66	0.825	N/A	N/A	N/A	N/A	N/A	N/A	ani_screen	classification based on ANI only	GCF_001690595.1, s__Gilliamella apicola_M, 95.0, 85.33, 0.311; GCF_009795805.1, s__Gilliamella sp009795805, 95.0, 83.89, 0.275; GCF_001690355.1, s__Gilliamella apicola_A, 95.0, 83.6, 0.157; GCF_009795845.1, s__Gilliamella sp009795845, 95.0, 84.14, 0.274; GCF_900094945.1, s__Gilliamella bombicola, 95.0, 91.48, 0.567; GCF_900094935.1, s__Gilliamella intestini, 95.23, 85.26, 0.291; GCF_900103255.1, s__Gilliamella bombi, 95.0, 86.39, 0.375; GCF_900103085.1, s__Gilliamella mensalis, 95.0, 93.79, 0.738; GCF_001690525.1, s__Gilliamella apicola_H, 95.0, 93.51, 0.7; GCF_001690495.1, s__Gilliamella apicola_G, 95.0, 89.8, 0.584; GCF_001690275.1, s__Gilliamella apicola_C, 95.0, 83.97, 0.233; GCF_001690655.1, s__Gilliamella apicola_P, 95.0, 85.1, 0.354	N/A	N/A	N/A	N/A
BPGAS250903__BPGAS250903.MAGScoT_cleanbin_000001	d__Bacteria;p__Pseudomonadota;c__Gammaproteobacteria;o__Burkholderiales;f__Neisseriaceae;g__Snodgrassella;s__Snodgrassella gandavensis	GCF_914768025.1	95.0	d__Bacteria;p__Pseudomonadota;c__Gammaproteobacteria;o__Burkholderiales;f__Neisseriaceae;g__Snodgrassella;s__Snodgrassella gandavensis	98.71	0.92	N/A	N/A	N/A	N/A	N/A	N/A	ani_screen	classification based on ANI only	GCF_002777745.1, s__Snodgrassella alvi_D, 95.0, 88.39, 0.588; GCF_002777425.1, s__Snodgrassella alvi_B, 95.0, 94.12, 0.783; GCA_002777825.1, s__Snodgrassella alvi_C, 95.0, 92.15, 0.725; GCF_914768045.1, s__Snodgrassella communis, 95.0, 88.65, 0.606	N/A	N/A	N/A	N/A
BPGAS250904__BPGAS250904.MAGScoT_cleanbin_000001	d__Bacteria;p__Pseudomonadota;c__Gammaproteobacteria;o__Burkholderiales;f__Neisseriaceae;g__Snodgrassella;s__Snodgrassella gandavensis	GCF_914768025.1	95.0	d__Bacteria;p__Pseudomonadota;c__Gammaproteobacteria;o__Burkholderiales;f__Neisseriaceae;g__Snodgrassella;s__Snodgrassella gandavensis	98.75	0.877	N/A	N/A	N/A	N/A	N/A	N/A	ani_screen	classification based on ANI only	GCF_002777425.1, s__Snodgrassella alvi_B, 95.0, 94.26, 0.791; GCA_002777825.1, s__Snodgrassella alvi_C, 95.0, 91.91, 0.722; GCF_002777745.1, s__Snodgrassella alvi_D, 95.0, 88.54, 0.558; GCF_914768045.1, s__Snodgrassella communis, 95.0, 88.63, 0.606	N/A	N/A	N/A	N/A
BPGAS250904__BPGAS250904.MAGScoT_cleanbin_000002	d__Bacteria;p__Actinomycetota;c__Actinomycetes;o__Actinomycetales;f__Bifidobacteriaceae;g__Bombiscardovia;s__Bombiscardovia coagulans	GCF_002259585.1	95.0	d__Bacteria;p__Actinomycetota;c__Actinomycetes;o__Actinomycetales;f__Bifidobacteriaceae;g__Bombiscardovia;s__Bombiscardovia coagulans	98.86	0.901	N/A	N/A	N/A	N/A	N/A	N/A	ani_screen	classification based on ANI only	N/A	N/A	N/A	N/A	N/A
BPGAS250904__BPGAS250904.MAGScoT_cleanbin_000003	d__Bacteria;p__Bacillota;c__Bacilli;o__Lactobacillales;f__Lactobacillaceae;g__Xylocopilactobacillus;s__	N/A	N/A	N/A	N/A	N/A	N/A	N/A	N/A	N/A	N/A	d__Bacteria;p__Bacillota;c__Bacilli;o__Lactobacillales;f__Lactobacillaceae;g__Xylocopilactobacillus;s__	taxonomic classification fully defined by topology	classification based on placement in class-level tree	N/A	82.06	11	0.99091	N/A
BPGAS250904__BPGAS250904.MAGScoT_cleanbin_000004	d__Bacteria;p__Pseudomonadota;c__Gammaproteobacteria;o__Burkholderiales;f__Neisseriaceae;g__Snodgrassella;s__Snodgrassella communis	GCF_914768045.1	95.0	d__Bacteria;p__Pseudomonadota;c__Gammaproteobacteria;o__Burkholderiales;f__Neisseriaceae;g__Snodgrassella;s__Snodgrassella communis	97.32	0.738	N/A	N/A	N/A	N/A	N/A	N/A	ani_screen	classification based on ANI only	GCF_002777745.1, s__Snodgrassella alvi_D, 95.0, 88.27, 0.211; GCA_002777825.1, s__Snodgrassella alvi_C, 95.0, 89.35, 0.298; GCF_914768025.1, s__Snodgrassella gandavensis, 95.0, 89.8, 0.333; GCF_002777425.1, s__Snodgrassella alvi_B, 95.0, 88.93, 0.329	N/A	N/A	N/A	N/A
BPGAS250904__BPGAS250904.MAGScoT_cleanbin_000005	d__Bacteria;p__Pseudomonadota;c__Gammaproteobacteria;o__Enterobacterales;f__Orbaceae;g__Gilliamella;s__Gilliamella bombicola	GCF_900094945.1	95.0	d__Bacteria;p__Pseudomonadota;c__Gammaproteobacteria;o__Enterobacterales;f__Orbaceae;g__Gilliamella;s__Gilliamella bombicola	98.89	0.753	N/A	N/A	N/A	N/A	N/A	N/A	ani_screen	classification based on ANI only	GCF_001690595.1, s__Gilliamella apicola_M, 95.0, 86.62, 0.216; GCF_900094935.1, s__Gilliamella intestini, 95.23, 86.42, 0.206; GCF_009795805.1, s__Gilliamella sp009795805, 95.0, 87.14, 0.24; GCF_001690495.1, s__Gilliamella apicola_G, 95.0, 89.58, 0.339; GCF_001690655.1, s__Gilliamella apicola_P, 95.0, 86.66, 0.207; GCF_009795885.1, s__Gilliamella sp009795885, 95.0, 92.77, 0.523; GCF_900103085.1, s__Gilliamella mensalis, 95.0, 93.0, 0.493; GCF_009795845.1, s__Gilliamella sp009795845, 95.0, 86.86, 0.215; GCF_900103255.1, s__Gilliamella bombi, 95.0, 86.63, 0.224; GCF_001690525.1, s__Gilliamella apicola_H, 95.0, 90.22, 0.378	N/A	N/A	N/A	N/A
BPGAS250905__BPGAS250905.MAGScoT_cleanbin_000001	d__Bacteria;p__Pseudomonadota;c__Gammaproteobacteria;o__Burkholderiales;f__Neisseriaceae;g__Snodgrassella;s__Snodgrassella gandavensis	GCF_914768025.1	95.0	d__Bacteria;p__Pseudomonadota;c__Gammaproteobacteria;o__Burkholderiales;f__Neisseriaceae;g__Snodgrassella;s__Snodgrassella gandavensis	98.47	0.903	N/A	N/A	N/A	N/A	N/A	N/A	ani_screen	classification based on ANI only	GCF_002777425.1, s__Snodgrassella alvi_B, 95.0, 93.96, 0.75; GCF_914768045.1, s__Snodgrassella communis, 95.0, 88.5, 0.601; GCA_002777825.1, s__Snodgrassella alvi_C, 95.0, 91.84, 0.701; GCF_002777745.1, s__Snodgrassella alvi_D, 95.0, 88.24, 0.571	N/A	N/A	N/A	N/A
BPGAS250905__BPGAS250905.MAGScoT_cleanbin_000002	d__Bacteria;p__Actinomycetota;c__Actinomycetes;o__Actinomycetales;f__Bifidobacteriaceae;g__Bombiscardovia;s__Bombiscardovia coagulans	GCF_002259585.1	95.0	d__Bacteria;p__Actinomycetota;c__Actinomycetes;o__Actinomycetales;f__Bifidobacteriaceae;g__Bombiscardovia;s__Bombiscardovia coagulans	98.78	0.872	N/A	N/A	N/A	N/A	N/A	N/A	ani_screen	classification based on ANI only	N/A	N/A	N/A	N/A	N/A
BPGOR241401M__BPGOR241401M.MAGScoT_cleanbin_000001	d__Bacteria;p__Pseudomonadota;c__Gammaproteobacteria;o__Enterobacterales;f__Orbaceae;g__Gilliamella;s__Gilliamella bombicola	GCF_900094945.1	95.0	d__Bacteria;p__Pseudomonadota;c__Gammaproteobacteria;o__Enterobacterales;f__Orbaceae;g__Gilliamella;s__Gilliamella bombicola	98.88	0.894	N/A	N/A	N/A	N/A	N/A	N/A	ani_screen	classification based on ANI only	GCF_001690525.1, s__Gilliamella apicola_H, 95.0, 89.1, 0.452; GCF_009795885.1, s__Gilliamella sp009795885, 95.0, 91.55, 0.565; GCF_001690655.1, s__Gilliamella apicola_P, 95.0, 85.13, 0.324; GCF_009795805.1, s__Gilliamella sp009795805, 95.0, 85.11, 0.337; GCF_900103085.1, s__Gilliamella mensalis, 95.0, 90.96, 0.522; GCF_001690275.1, s__Gilliamella apicola_C, 95.0, 83.65, 0.227; GCF_009795845.1, s__Gilliamella sp009795845, 95.0, 85.07, 0.316; GCF_001690495.1, s__Gilliamella apicola_G, 95.0, 87.87, 0.43; GCF_900094935.1, s__Gilliamella intestini, 95.23, 85.09, 0.313; GCF_900103255.1, s__Gilliamella bombi, 95.0, 84.68, 0.31; GCF_001690595.1, s__Gilliamella apicola_M, 95.0, 84.89, 0.317	N/A	N/A	N/A	N/A
BPGOR241401M__BPGOR241401M.MAGScoT_cleanbin_000002	d__Bacteria;p__Pseudomonadota;c__Gammaproteobacteria;o__Burkholderiales;f__Neisseriaceae;g__Snodgrassella;s__Snodgrassella gandavensis	GCF_914768025.1	95.0	d__Bacteria;p__Pseudomonadota;c__Gammaproteobacteria;o__Burkholderiales;f__Neisseriaceae;g__Snodgrassella;s__Snodgrassella gandavensis	98.82	0.893	N/A	N/A	N/A	N/A	N/A	N/A	ani_screen	classification based on ANI only	GCF_002777745.1, s__Snodgrassella alvi_D, 95.0, 88.48, 0.551; GCF_002777425.1, s__Snodgrassella alvi_B, 95.0, 94.0, 0.744; GCA_002777825.1, s__Snodgrassella alvi_C, 95.0, 92.08, 0.687; GCF_914768045.1, s__Snodgrassella communis, 95.0, 88.63, 0.602	N/A	N/A	N/A	N/A
BPGOR241407M__BPGOR241407M.MAGScoT_cleanbin_000001	d__Bacteria;p__Pseudomonadota;c__Gammaproteobacteria;o__Enterobacterales;f__Orbaceae;g__Gilliamella;s__Gilliamella mensalis	GCF_900103085.1	95.0	d__Bacteria;p__Pseudomonadota;c__Gammaproteobacteria;o__Enterobacterales;f__Orbaceae;g__Gilliamella;s__Gilliamella mensalis	98.96	0.934	N/A	N/A	N/A	N/A	N/A	N/A	ani_screen	classification based on ANI only	GCF_001690275.1, s__Gilliamella apicola_C, 95.0, 83.09, 0.265; GCF_900103255.1, s__Gilliamella bombi, 95.0, 85.75, 0.387; GCF_900094935.1, s__Gilliamella intestini, 95.23, 84.62, 0.308; GCF_001690355.1, s__Gilliamella apicola_A, 95.0, 83.32, 0.157; GCF_009795885.1, s__Gilliamella sp009795885, 95.0, 93.29, 0.742; GCF_900094945.1, s__Gilliamella bombicola, 95.0, 90.81, 0.539; GCF_001690655.1, s__Gilliamella apicola_P, 95.0, 85.2, 0.385; GCF_001690595.1, s__Gilliamella apicola_M, 95.0, 84.34, 0.294; GCF_001690525.1, s__Gilliamella apicola_H, 95.0, 89.71, 0.607; GCF_009795805.1, s__Gilliamella sp009795805, 95.0, 83.26, 0.246; GCF_009795845.1, s__Gilliamella sp009795845, 95.0, 84.1, 0.272; GCF_001690495.1, s__Gilliamella apicola_G, 95.0, 89.73, 0.631	N/A	N/A	N/A	N/A
BPGOR241407M__BPGOR241407M.MAGScoT_cleanbin_000002	d__Bacteria;p__Pseudomonadota;c__Gammaproteobacteria;o__Burkholderiales;f__Neisseriaceae;g__Snodgrassella;s__Snodgrassella gandavensis	GCF_914768025.1	95.0	d__Bacteria;p__Pseudomonadota;c__Gammaproteobacteria;o__Burkholderiales;f__Neisseriaceae;g__Snodgrassella;s__Snodgrassella gandavensis	98.69	0.884	N/A	N/A	N/A	N/A	N/A	N/A	ani_screen	classification based on ANI only	GCA_002777825.1, s__Snodgrassella alvi_C, 95.0, 92.27, 0.668; GCF_002777425.1, s__Snodgrassella alvi_B, 95.0, 94.01, 0.722; GCF_914768045.1, s__Snodgrassella communis, 95.0, 88.95, 0.587; GCF_002777745.1, s__Snodgrassella alvi_D, 95.0, 88.67, 0.527	N/A	N/A	N/A	N/A
BPGOR241408M__BPGOR241408M.MAGScoT_cleanbin_000001	d__Bacteria;p__Pseudomonadota;c__Gammaproteobacteria;o__Burkholderiales;f__Neisseriaceae;g__Snodgrassella;s__Snodgrassella gandavensis	GCF_914768025.1	95.0	d__Bacteria;p__Pseudomonadota;c__Gammaproteobacteria;o__Burkholderiales;f__Neisseriaceae;g__Snodgrassella;s__Snodgrassella gandavensis	98.89	0.902	N/A	N/A	N/A	N/A	N/A	N/A	ani_screen	classification based on ANI only	GCF_914768045.1, s__Snodgrassella communis, 95.0, 89.14, 0.59; GCA_002777825.1, s__Snodgrassella alvi_C, 95.0, 92.18, 0.695; GCF_002777745.1, s__Snodgrassella alvi_D, 95.0, 88.76, 0.577; GCF_002777425.1, s__Snodgrassella alvi_B, 95.0, 94.29, 0.754	N/A	N/A	N/A	N/A
BPGOR241408M__BPGOR241408M.MAGScoT_cleanbin_000002	d__Bacteria;p__Pseudomonadota;c__Gammaproteobacteria;o__Enterobacterales;f__Orbaceae;g__Gilliamella;s__Gilliamella mensalis	GCF_900103085.1	95.0	d__Bacteria;p__Pseudomonadota;c__Gammaproteobacteria;o__Enterobacterales;f__Orbaceae;g__Gilliamella;s__Gilliamella mensalis	98.63	0.923	N/A	N/A	N/A	N/A	N/A	N/A	ani_screen	classification based on ANI only	GCF_001690595.1, s__Gilliamella apicola_M, 95.0, 86.92, 0.274; GCF_900103255.1, s__Gilliamella bombi, 95.0, 87.68, 0.371; GCF_001690655.1, s__Gilliamella apicola_P, 95.0, 86.74, 0.345; GCF_900094945.1, s__Gilliamella bombicola, 95.0, 91.67, 0.575; GCF_900094935.1, s__Gilliamella intestini, 95.23, 86.42, 0.275; GCF_001690525.1, s__Gilliamella apicola_H, 95.0, 93.3, 0.651; GCF_001690355.1, s__Gilliamella apicola_A, 95.0, 85.24, 0.154; GCF_001690275.1, s__Gilliamella apicola_C, 95.0, 85.82, 0.235; GCF_009795845.1, s__Gilliamella sp009795845, 95.0, 85.69, 0.244; GCF_009795805.1, s__Gilliamella sp009795805, 95.0, 85.5, 0.256; GCF_009795885.1, s__Gilliamella sp009795885, 95.0, 97.86, 0.819; GCF_001690495.1, s__Gilliamella apicola_G, 95.0, 90.14, 0.58	N/A	N/A	N/A	N/A
BPGOR241409M__BPGOR241409M.MAGScoT_cleanbin_000001	d__Bacteria;p__Pseudomonadota;c__Gammaproteobacteria;o__Burkholderiales;f__Neisseriaceae;g__Snodgrassella;s__Snodgrassella gandavensis	GCF_914768025.1	95.0	d__Bacteria;p__Pseudomonadota;c__Gammaproteobacteria;o__Burkholderiales;f__Neisseriaceae;g__Snodgrassella;s__Snodgrassella gandavensis	98.86	0.933	N/A	N/A	N/A	N/A	N/A	N/A	ani_screen	classification based on ANI only	GCF_002777425.1, s__Snodgrassella alvi_B, 95.0, 94.12, 0.78; GCF_002777745.1, s__Snodgrassella alvi_D, 95.0, 88.17, 0.586; GCF_914768045.1, s__Snodgrassella communis, 95.0, 88.65, 0.597; GCA_002777825.1, s__Snodgrassella alvi_C, 95.0, 91.76, 0.722	N/A	N/A	N/A	N/A
BPGOR241409M__BPGOR241409M.MAGScoT_cleanbin_000002	d__Bacteria;p__Pseudomonadota;c__Gammaproteobacteria;o__Enterobacterales;f__Orbaceae;g__Gilliamella;s__Gilliamella bombicola	GCF_900094945.1	95.0	d__Bacteria;p__Pseudomonadota;c__Gammaproteobacteria;o__Enterobacterales;f__Orbaceae;g__Gilliamella;s__Gilliamella bombicola	98.78	0.882	N/A	N/A	N/A	N/A	N/A	N/A	ani_screen	classification based on ANI only	GCF_900103085.1, s__Gilliamella mensalis, 95.0, 91.22, 0.497; GCF_009795885.1, s__Gilliamella sp009795885, 95.0, 91.57, 0.458; GCF_009795805.1, s__Gilliamella sp009795805, 95.0, 86.5, 0.251; GCF_900094935.1, s__Gilliamella intestini, 95.23, 86.9, 0.239; GCF_001690595.1, s__Gilliamella apicola_M, 95.0, 87.16, 0.242; GCF_009795845.1, s__Gilliamella sp009795845, 95.0, 86.84, 0.229; GCF_001690655.1, s__Gilliamella apicola_P, 95.0, 86.23, 0.256; GCF_900103255.1, s__Gilliamella bombi, 95.0, 86.37, 0.215; GCF_001690495.1, s__Gilliamella apicola_G, 95.0, 88.48, 0.333; GCF_001690525.1, s__Gilliamella apicola_H, 95.0, 89.67, 0.335	N/A	N/A	N/A	N/A
BPGOR241410M__BPGOR241410M.MAGScoT_cleanbin_000001	d__Bacteria;p__Pseudomonadota;c__Gammaproteobacteria;o__Burkholderiales;f__Neisseriaceae;g__Snodgrassella;s__Snodgrassella gandavensis	GCF_914768025.1	95.0	d__Bacteria;p__Pseudomonadota;c__Gammaproteobacteria;o__Burkholderiales;f__Neisseriaceae;g__Snodgrassella;s__Snodgrassella gandavensis	98.77	0.922	N/A	N/A	N/A	N/A	N/A	N/A	ani_screen	classification based on ANI only	GCF_002777745.1, s__Snodgrassella alvi_D, 95.0, 88.29, 0.581; GCA_002777825.1, s__Snodgrassella alvi_C, 95.0, 92.07, 0.721; GCF_914768045.1, s__Snodgrassella communis, 95.0, 88.37, 0.592; GCF_002777425.1, s__Snodgrassella alvi_B, 95.0, 94.12, 0.778	N/A	N/A	N/A	N/A
BPGOR241410M__BPGOR241410M.MAGScoT_cleanbin_000002	d__Bacteria;p__Bacillota;c__Bacilli;o__Lactobacillales;f__Lactobacillaceae;g__Xylocopilactobacillus;s__	N/A	N/A	N/A	N/A	N/A	N/A	N/A	N/A	N/A	N/A	d__Bacteria;p__Bacillota;c__Bacilli;o__Lactobacillales;f__Lactobacillaceae;g__Xylocopilactobacillus;s__	taxonomic classification fully defined by topology	classification based on placement in class-level tree	N/A	95.49	11	0.99035	N/A
BPGOR241410M__BPGOR241410M.MAGScoT_cleanbin_000003	d__Bacteria;p__Pseudomonadota;c__Gammaproteobacteria;o__Enterobacterales;f__Orbaceae;g__Gilliamella;s__Gilliamella sp009795885	GCF_009795885.1	95.0	d__Bacteria;p__Pseudomonadota;c__Gammaproteobacteria;o__Enterobacterales;f__Orbaceae;g__Gilliamella;s__Gilliamella sp009795885	98.49	0.837	N/A	N/A	N/A	N/A	N/A	N/A	ani_screen	classification based on ANI only	GCF_001690655.1, s__Gilliamella apicola_P, 95.0, 86.02, 0.342; GCF_001690595.1, s__Gilliamella apicola_M, 95.0, 86.28, 0.288; GCF_001690495.1, s__Gilliamella apicola_G, 95.0, 89.89, 0.566; GCF_900094945.1, s__Gilliamella bombicola, 95.0, 91.75, 0.554; GCF_009795805.1, s__Gilliamella sp009795805, 95.0, 85.17, 0.236; GCF_900103085.1, s__Gilliamella mensalis, 95.0, 93.64, 0.72; GCF_900094935.1, s__Gilliamella intestini, 95.23, 85.54, 0.268; GCF_009795845.1, s__Gilliamella sp009795845, 95.0, 85.35, 0.255; GCF_001690525.1, s__Gilliamella apicola_H, 95.0, 93.2, 0.676; GCF_001690275.1, s__Gilliamella apicola_C, 95.0, 84.99, 0.226; GCF_900103255.1, s__Gilliamella bombi, 95.0, 86.97, 0.341	N/A	N/A	N/A	N/A
BPGOR251401__BPGOR251401.MAGScoT_cleanbin_000001	d__Bacteria;p__Pseudomonadota;c__Gammaproteobacteria;o__Enterobacterales;f__Orbaceae;g__Gilliamella;s__Gilliamella bombicola	GCF_900094945.1	95.0	d__Bacteria;p__Pseudomonadota;c__Gammaproteobacteria;o__Enterobacterales;f__Orbaceae;g__Gilliamella;s__Gilliamella bombicola	99.23	0.511	N/A	N/A	N/A	N/A	N/A	N/A	ani_screen	classification based on ANI only	GCF_900103085.1, s__Gilliamella mensalis, 95.0, 96.67, 0.246; GCF_009795885.1, s__Gilliamella sp009795885, 95.0, 96.26, 0.246; GCF_001690525.1, s__Gilliamella apicola_H, 95.0, 94.61, 0.155	N/A	N/A	N/A	N/A
BPGOR251403__BPGOR251403.MAGScoT_cleanbin_000001	d__Bacteria;p__Pseudomonadota;c__Gammaproteobacteria;o__Burkholderiales;f__Neisseriaceae;g__Snodgrassella;s__Snodgrassella gandavensis	GCF_914768025.1	95.0	d__Bacteria;p__Pseudomonadota;c__Gammaproteobacteria;o__Burkholderiales;f__Neisseriaceae;g__Snodgrassella;s__Snodgrassella gandavensis	98.75	0.904	N/A	N/A	N/A	N/A	N/A	N/A	ani_screen	classification based on ANI only	GCF_914768045.1, s__Snodgrassella communis, 95.0, 88.61, 0.609; GCA_002777825.1, s__Snodgrassella alvi_C, 95.0, 92.19, 0.701; GCF_002777745.1, s__Snodgrassella alvi_D, 95.0, 88.49, 0.575; GCF_002777425.1, s__Snodgrassella alvi_B, 95.0, 93.99, 0.757	N/A	N/A	N/A	N/A
BPGOR251403__BPGOR251403.MAGScoT_cleanbin_000002	d__Bacteria;p__Pseudomonadota;c__Gammaproteobacteria;o__Enterobacterales;f__Orbaceae;g__Gilliamella;s__Gilliamella mensalis	GCF_900103085.1	95.0	d__Bacteria;p__Pseudomonadota;c__Gammaproteobacteria;o__Enterobacterales;f__Orbaceae;g__Gilliamella;s__Gilliamella mensalis	98.9	0.915	N/A	N/A	N/A	N/A	N/A	N/A	ani_screen	classification based on ANI only	GCF_900103255.1, s__Gilliamella bombi, 95.0, 86.27, 0.333; GCF_009795885.1, s__Gilliamella sp009795885, 95.0, 93.81, 0.641; GCF_900094945.1, s__Gilliamella bombicola, 95.0, 92.93, 0.655; GCF_001690275.1, s__Gilliamella apicola_C, 95.0, 84.75, 0.199; GCF_001690525.1, s__Gilliamella apicola_H, 95.0, 90.21, 0.542; GCF_001690655.1, s__Gilliamella apicola_P, 95.0, 85.89, 0.372; GCF_009795805.1, s__Gilliamella sp009795805, 95.0, 84.82, 0.24; GCF_001690495.1, s__Gilliamella apicola_G, 95.0, 89.91, 0.569; GCF_900094935.1, s__Gilliamella intestini, 95.23, 85.27, 0.279; GCF_001690595.1, s__Gilliamella apicola_M, 95.0, 85.56, 0.254; GCF_009795845.1, s__Gilliamella sp009795845, 95.0, 84.68, 0.238	N/A	N/A	N/A	N/A
BPGOR251404__BPGOR251404.MAGScoT_cleanbin_000001	d__Bacteria;p__Pseudomonadota;c__Gammaproteobacteria;o__Enterobacterales;f__Orbaceae;g__Gilliamella;s__Gilliamella bombicola	GCF_900094945.1	95.0	d__Bacteria;p__Pseudomonadota;c__Gammaproteobacteria;o__Enterobacterales;f__Orbaceae;g__Gilliamella;s__Gilliamella bombicola	99.0	0.9	N/A	N/A	N/A	N/A	N/A	N/A	ani_screen	classification based on ANI only	GCF_900103255.1, s__Gilliamella bombi, 95.0, 85.63, 0.293; GCF_009795845.1, s__Gilliamella sp009795845, 95.0, 85.05, 0.29; GCF_900094935.1, s__Gilliamella intestini, 95.23, 85.66, 0.284; GCF_900103085.1, s__Gilliamella mensalis, 95.0, 91.02, 0.521; GCF_001690275.1, s__Gilliamella apicola_C, 95.0, 83.9, 0.213; GCF_001690495.1, s__Gilliamella apicola_G, 95.0, 88.33, 0.411; GCF_001690525.1, s__Gilliamella apicola_H, 95.0, 89.18, 0.415; GCF_009795805.1, s__Gilliamella sp009795805, 95.0, 85.39, 0.318; GCF_009795885.1, s__Gilliamella sp009795885, 95.0, 91.51, 0.528; GCF_001690655.1, s__Gilliamella apicola_P, 95.0, 85.45, 0.316; GCF_001690595.1, s__Gilliamella apicola_M, 95.0, 85.43, 0.297	N/A	N/A	N/A	N/A
BPGOR251405__BPGOR251405.MAGScoT_cleanbin_000001	d__Bacteria;p__Pseudomonadota;c__Gammaproteobacteria;o__Enterobacterales;f__Orbaceae;g__Gilliamella;s__Gilliamella bombicola	GCF_900094945.1	95.0	d__Bacteria;p__Pseudomonadota;c__Gammaproteobacteria;o__Enterobacterales;f__Orbaceae;g__Gilliamella;s__Gilliamella bombicola	98.78	0.848	N/A	N/A	N/A	N/A	N/A	N/A	ani_screen	classification based on ANI only	GCF_001690595.1, s__Gilliamella apicola_M, 95.0, 87.24, 0.226; GCF_900103085.1, s__Gilliamella mensalis, 95.0, 92.41, 0.523; GCF_009795845.1, s__Gilliamella sp009795845, 95.0, 87.1, 0.235; GCF_001690525.1, s__Gilliamella apicola_H, 95.0, 89.47, 0.345; GCF_009795805.1, s__Gilliamella sp009795805, 95.0, 87.25, 0.255; GCF_900103255.1, s__Gilliamella bombi, 95.0, 87.0, 0.229; GCF_900094935.1, s__Gilliamella intestini, 95.23, 87.29, 0.231; GCF_001690495.1, s__Gilliamella apicola_G, 95.0, 89.48, 0.36; GCF_009795885.1, s__Gilliamella sp009795885, 95.0, 92.28, 0.453; GCF_001690655.1, s__Gilliamella apicola_P, 95.0, 87.06, 0.255	N/A	N/A	N/A	N/A
BPKAR240401__BPKAR240401.MAGScoT_cleanbin_000001	d__Bacteria;p__Pseudomonadota;c__Gammaproteobacteria;o__Burkholderiales;f__Neisseriaceae;g__Snodgrassella;s__Snodgrassella gandavensis	GCF_914768025.1	95.0	d__Bacteria;p__Pseudomonadota;c__Gammaproteobacteria;o__Burkholderiales;f__Neisseriaceae;g__Snodgrassella;s__Snodgrassella gandavensis	98.81	0.899	N/A	N/A	N/A	N/A	N/A	N/A	ani_screen	classification based on ANI only	GCA_002777825.1, s__Snodgrassella alvi_C, 95.0, 91.84, 0.714; GCF_002777745.1, s__Snodgrassella alvi_D, 95.0, 88.4, 0.581; GCF_002777425.1, s__Snodgrassella alvi_B, 95.0, 94.13, 0.772; GCF_914768045.1, s__Snodgrassella communis, 95.0, 88.56, 0.602	N/A	N/A	N/A	N/A
BPKAR240401__BPKAR240401.MAGScoT_cleanbin_000002	d__Bacteria;p__Pseudomonadota;c__Gammaproteobacteria;o__Enterobacterales;f__Orbaceae;g__Gilliamella;s__Gilliamella mensalis	GCF_900103085.1	95.0	d__Bacteria;p__Pseudomonadota;c__Gammaproteobacteria;o__Enterobacterales;f__Orbaceae;g__Gilliamella;s__Gilliamella mensalis	99.09	0.923	N/A	N/A	N/A	N/A	N/A	N/A	ani_screen	classification based on ANI only	GCF_900094945.1, s__Gilliamella bombicola, 95.0, 90.09, 0.497; GCF_001690275.1, s__Gilliamella apicola_C, 95.0, 84.72, 0.2; GCF_009795885.1, s__Gilliamella sp009795885, 95.0, 93.6, 0.644; GCF_001690595.1, s__Gilliamella apicola_M, 95.0, 84.98, 0.215; GCF_009795845.1, s__Gilliamella sp009795845, 95.0, 85.02, 0.193; GCF_001690655.1, s__Gilliamella apicola_P, 95.0, 85.75, 0.318; GCF_900103255.1, s__Gilliamella bombi, 95.0, 85.91, 0.296; GCF_900094935.1, s__Gilliamella intestini, 95.23, 85.24, 0.248; GCF_009795805.1, s__Gilliamella sp009795805, 95.0, 84.34, 0.174; GCF_001690525.1, s__Gilliamella apicola_H, 95.0, 89.74, 0.506; GCF_001690495.1, s__Gilliamella apicola_G, 95.0, 89.54, 0.531	N/A	N/A	N/A	N/A
BPKAR240401__BPKAR240401.MAGScoT_cleanbin_000003	d__Bacteria;p__Pseudomonadota;c__Gammaproteobacteria;o__Enterobacterales;f__Orbaceae;g__Gilliamella;s__Gilliamella bombicola	GCF_900094945.1	95.0	d__Bacteria;p__Pseudomonadota;c__Gammaproteobacteria;o__Enterobacterales;f__Orbaceae;g__Gilliamella;s__Gilliamella bombicola	99.03	0.744	N/A	N/A	N/A	N/A	N/A	N/A	ani_screen	classification based on ANI only	GCF_001690495.1, s__Gilliamella apicola_G, 95.0, 86.79, 0.242; GCF_009795805.1, s__Gilliamella sp009795805, 95.0, 86.13, 0.229; GCF_001690595.1, s__Gilliamella apicola_M, 95.0, 85.54, 0.175; GCF_001690525.1, s__Gilliamella apicola_H, 95.0, 88.09, 0.25; GCF_900094935.1, s__Gilliamella intestini, 95.23, 85.56, 0.194; GCF_009795885.1, s__Gilliamella sp009795885, 95.0, 89.37, 0.348; GCF_900103255.1, s__Gilliamella bombi, 95.0, 84.8, 0.176; GCF_900103085.1, s__Gilliamella mensalis, 95.0, 88.57, 0.329; GCF_009795845.1, s__Gilliamella sp009795845, 95.0, 85.97, 0.192; GCF_001690655.1, s__Gilliamella apicola_P, 95.0, 84.9, 0.181	N/A	N/A	N/A	N/A
BPKAR240404__BPKAR240404.MAGScoT_cleanbin_000001	d__Bacteria;p__Pseudomonadota;c__Gammaproteobacteria;o__Burkholderiales;f__Neisseriaceae;g__Snodgrassella;s__Snodgrassella gandavensis	GCF_914768025.1	95.0	d__Bacteria;p__Pseudomonadota;c__Gammaproteobacteria;o__Burkholderiales;f__Neisseriaceae;g__Snodgrassella;s__Snodgrassella gandavensis	98.77	0.91	N/A	N/A	N/A	N/A	N/A	N/A	ani_screen	classification based on ANI only	GCA_002777825.1, s__Snodgrassella alvi_C, 95.0, 91.91, 0.724; GCF_002777745.1, s__Snodgrassella alvi_D, 95.0, 88.2, 0.588; GCF_002777425.1, s__Snodgrassella alvi_B, 95.0, 94.12, 0.777; GCF_914768045.1, s__Snodgrassella communis, 95.0, 88.5, 0.603	N/A	N/A	N/A	N/A
BPKAR240404__BPKAR240404.MAGScoT_cleanbin_000002	d__Bacteria;p__Pseudomonadota;c__Gammaproteobacteria;o__Enterobacterales;f__Orbaceae;g__Gilliamella;s__Gilliamella mensalis	GCF_900103085.1	95.0	d__Bacteria;p__Pseudomonadota;c__Gammaproteobacteria;o__Enterobacterales;f__Orbaceae;g__Gilliamella;s__Gilliamella mensalis	98.98	0.904	N/A	N/A	N/A	N/A	N/A	N/A	ani_screen	classification based on ANI only	GCF_001690275.1, s__Gilliamella apicola_C, 95.0, 84.75, 0.221; GCF_001690655.1, s__Gilliamella apicola_P, 95.0, 85.9, 0.319; GCF_900094945.1, s__Gilliamella bombicola, 95.0, 90.23, 0.517; GCF_900094935.1, s__Gilliamella intestini, 95.23, 85.39, 0.27; GCF_009795845.1, s__Gilliamella sp009795845, 95.0, 85.08, 0.209; GCF_900103255.1, s__Gilliamella bombi, 95.0, 86.05, 0.322; GCF_009795805.1, s__Gilliamella sp009795805, 95.0, 84.24, 0.194; GCF_001690495.1, s__Gilliamella apicola_G, 95.0, 89.96, 0.561; GCF_009795885.1, s__Gilliamella sp009795885, 95.0, 93.64, 0.694; GCF_001690595.1, s__Gilliamella apicola_M, 95.0, 85.23, 0.237; GCF_001690525.1, s__Gilliamella apicola_H, 95.0, 89.63, 0.546	N/A	N/A	N/A	N/A
BPKAR240404__BPKAR240404.MAGScoT_cleanbin_000003	d__Bacteria;p__Bacillota;c__Bacilli;o__Lactobacillales;f__Lactobacillaceae;g__Xylocopilactobacillus;s__	N/A	N/A	N/A	N/A	N/A	N/A	N/A	N/A	N/A	N/A	d__Bacteria;p__Bacillota;c__Bacilli;o__Lactobacillales;f__Lactobacillaceae;g__Xylocopilactobacillus;s__	taxonomic classification fully defined by topology	classification based on placement in class-level tree	N/A	72.93	11	0.98417	Genome has more than 16.7% of markers with multiple hits
BPKAR240404__BPKAR240404.MAGScoT_cleanbin_000004	d__Bacteria;p__Pseudomonadota;c__Gammaproteobacteria;o__Enterobacterales;f__Orbaceae;g__Gilliamella;s__Gilliamella bombicola	GCF_900094945.1	95.0	d__Bacteria;p__Pseudomonadota;c__Gammaproteobacteria;o__Enterobacterales;f__Orbaceae;g__Gilliamella;s__Gilliamella bombicola	99.1	0.823	N/A	N/A	N/A	N/A	N/A	N/A	ani_screen	classification based on ANI only	GCF_009795805.1, s__Gilliamella sp009795805, 95.0, 86.06, 0.272; GCF_009795885.1, s__Gilliamella sp009795885, 95.0, 89.86, 0.42; GCF_001690655.1, s__Gilliamella apicola_P, 95.0, 84.64, 0.196; GCF_001690525.1, s__Gilliamella apicola_H, 95.0, 88.06, 0.314; GCF_001690595.1, s__Gilliamella apicola_M, 95.0, 85.43, 0.204; GCF_900094935.1, s__Gilliamella intestini, 95.23, 85.73, 0.23; GCF_900103085.1, s__Gilliamella mensalis, 95.0, 89.85, 0.403; GCF_009795845.1, s__Gilliamella sp009795845, 95.0, 86.05, 0.229; GCF_001690495.1, s__Gilliamella apicola_G, 95.0, 86.99, 0.309; GCF_900103255.1, s__Gilliamella bombi, 95.0, 84.9, 0.212	N/A	N/A	N/A	N/A
BPKAR240405__BPKAR240405.MAGScoT_cleanbin_000001	d__Bacteria;p__Pseudomonadota;c__Gammaproteobacteria;o__Burkholderiales;f__Neisseriaceae;g__Snodgrassella;s__Snodgrassella gandavensis	GCF_914768025.1	95.0	d__Bacteria;p__Pseudomonadota;c__Gammaproteobacteria;o__Burkholderiales;f__Neisseriaceae;g__Snodgrassella;s__Snodgrassella gandavensis	98.75	0.888	N/A	N/A	N/A	N/A	N/A	N/A	ani_screen	classification based on ANI only	GCF_002777745.1, s__Snodgrassella alvi_D, 95.0, 88.34, 0.571; GCF_002777425.1, s__Snodgrassella alvi_B, 95.0, 94.13, 0.767; GCF_914768045.1, s__Snodgrassella communis, 95.0, 88.43, 0.59; GCA_002777825.1, s__Snodgrassella alvi_C, 95.0, 91.84, 0.705	N/A	N/A	N/A	N/A
BPKAR240405__BPKAR240405.MAGScoT_cleanbin_000002	d__Bacteria;p__Bacillota;c__Bacilli;o__Lactobacillales;f__Lactobacillaceae;g__Xylocopilactobacillus;s__	N/A	N/A	N/A	N/A	N/A	N/A	N/A	N/A	N/A	N/A	d__Bacteria;p__Bacillota;c__Bacilli;o__Lactobacillales;f__Lactobacillaceae;g__Xylocopilactobacillus;s__	taxonomic classification fully defined by topology	classification based on placement in class-level tree	N/A	88.72	11	0.99049	N/A
BPKAR240405__BPKAR240405.MAGScoT_cleanbin_000003	d__Bacteria;p__Pseudomonadota;c__Gammaproteobacteria;o__Enterobacterales;f__Orbaceae;g__Gilliamella;s__Gilliamella mensalis	GCF_900103085.1	95.0	d__Bacteria;p__Pseudomonadota;c__Gammaproteobacteria;o__Enterobacterales;f__Orbaceae;g__Gilliamella;s__Gilliamella mensalis	98.94	0.902	N/A	N/A	N/A	N/A	N/A	N/A	ani_screen	classification based on ANI only	GCF_001690595.1, s__Gilliamella apicola_M, 95.0, 86.84, 0.223; GCF_009795805.1, s__Gilliamella sp009795805, 95.0, 85.96, 0.186; GCF_900094935.1, s__Gilliamella intestini, 95.23, 86.39, 0.227; GCF_900103255.1, s__Gilliamella bombi, 95.0, 87.86, 0.288; GCF_001690655.1, s__Gilliamella apicola_P, 95.0, 86.87, 0.292; GCF_001690495.1, s__Gilliamella apicola_G, 95.0, 89.59, 0.491; GCF_009795885.1, s__Gilliamella sp009795885, 95.0, 93.59, 0.643; GCF_900094945.1, s__Gilliamella bombicola, 95.0, 91.67, 0.473; GCF_009795845.1, s__Gilliamella sp009795845, 95.0, 85.75, 0.181; GCF_001690275.1, s__Gilliamella apicola_C, 95.0, 85.84, 0.188; GCF_001690525.1, s__Gilliamella apicola_H, 95.0, 90.56, 0.486	N/A	N/A	N/A	N/A
BPKAR240405__BPKAR240405.MAGScoT_cleanbin_000004	d__Bacteria;p__Actinomycetota;c__Actinomycetes;o__Actinomycetales;f__Bifidobacteriaceae;g__Bombiscardovia;s__Bombiscardovia coagulans	GCF_002259585.1	95.0	d__Bacteria;p__Actinomycetota;c__Actinomycetes;o__Actinomycetales;f__Bifidobacteriaceae;g__Bombiscardovia;s__Bombiscardovia coagulans	98.85	0.796	N/A	N/A	N/A	N/A	N/A	N/A	ani_screen	classification based on ANI only	N/A	N/A	N/A	N/A	N/A
BPKAR240406__BPKAR240406.MAGScoT_cleanbin_000001	d__Bacteria;p__Pseudomonadota;c__Gammaproteobacteria;o__Burkholderiales;f__Neisseriaceae;g__Snodgrassella;s__Snodgrassella gandavensis	GCF_914768025.1	95.0	d__Bacteria;p__Pseudomonadota;c__Gammaproteobacteria;o__Burkholderiales;f__Neisseriaceae;g__Snodgrassella;s__Snodgrassella gandavensis	98.81	0.939	N/A	N/A	N/A	N/A	N/A	N/A	ani_screen	classification based on ANI only	GCF_002777745.1, s__Snodgrassella alvi_D, 95.0, 88.08, 0.582; GCF_002777425.1, s__Snodgrassella alvi_B, 95.0, 93.95, 0.778; GCF_914768045.1, s__Snodgrassella communis, 95.0, 88.62, 0.582; GCA_002777825.1, s__Snodgrassella alvi_C, 95.0, 91.71, 0.732	N/A	N/A	N/A	N/A
BPKAR240406__BPKAR240406.MAGScoT_cleanbin_000002	d__Bacteria;p__Pseudomonadota;c__Gammaproteobacteria;o__Enterobacterales;f__Orbaceae;g__Gilliamella;s__Gilliamella bombicola	GCF_900094945.1	95.0	d__Bacteria;p__Pseudomonadota;c__Gammaproteobacteria;o__Enterobacterales;f__Orbaceae;g__Gilliamella;s__Gilliamella bombicola	98.85	0.633	N/A	N/A	N/A	N/A	N/A	N/A	ani_screen	classification based on ANI only	GCF_009795805.1, s__Gilliamella sp009795805, 95.0, 86.16, 0.177; GCF_900103085.1, s__Gilliamella mensalis, 95.0, 88.44, 0.267; GCF_001690525.1, s__Gilliamella apicola_H, 95.0, 87.81, 0.181; GCF_001690495.1, s__Gilliamella apicola_G, 95.0, 86.83, 0.186; GCF_009795885.1, s__Gilliamella sp009795885, 95.0, 89.42, 0.231	N/A	N/A	N/A	N/A
BPKAR240406__BPKAR240406.MAGScoT_cleanbin_000003	d__Bacteria;p__Actinomycetota;c__Actinomycetes;o__Actinomycetales;f__Bifidobacteriaceae;g__Bombiscardovia;s__Bombiscardovia coagulans	GCF_002259585.1	95.0	d__Bacteria;p__Actinomycetota;c__Actinomycetes;o__Actinomycetales;f__Bifidobacteriaceae;g__Bombiscardovia;s__Bombiscardovia coagulans	98.85	0.778	N/A	N/A	N/A	N/A	N/A	N/A	ani_screen	classification based on ANI only	N/A	N/A	N/A	N/A	N/A
BPKAR240406__BPKAR240406.MAGScoT_cleanbin_000004	d__Bacteria;p__Pseudomonadota;c__Gammaproteobacteria;o__Enterobacterales;f__Orbaceae;g__Gilliamella;s__Gilliamella mensalis	GCF_900103085.1	95.0	d__Bacteria;p__Pseudomonadota;c__Gammaproteobacteria;o__Enterobacterales;f__Orbaceae;g__Gilliamella;s__Gilliamella mensalis	98.9	0.821	N/A	N/A	N/A	N/A	N/A	N/A	ani_screen	classification based on ANI only	GCF_900094935.1, s__Gilliamella intestini, 95.23, 86.72, 0.19; GCF_009795805.1, s__Gilliamella sp009795805, 95.0, 86.59, 0.164; GCF_009795885.1, s__Gilliamella sp009795885, 95.0, 92.88, 0.592; GCF_001690495.1, s__Gilliamella apicola_G, 95.0, 89.47, 0.441; GCF_900094945.1, s__Gilliamella bombicola, 95.0, 91.26, 0.407; GCF_001690525.1, s__Gilliamella apicola_H, 95.0, 90.31, 0.431; GCF_900103255.1, s__Gilliamella bombi, 95.0, 87.81, 0.247; GCF_001690655.1, s__Gilliamella apicola_P, 95.0, 87.41, 0.2; GCF_001690595.1, s__Gilliamella apicola_M, 95.0, 87.01, 0.17	N/A	N/A	N/A	N/A
BPKAR240406__BPKAR240406.MAGScoT_cleanbin_000005	d__Bacteria;p__Pseudomonadota;c__Gammaproteobacteria;o__Enterobacterales;f__Orbaceae;g__Gilliamella;s__Gilliamella sp009795885	GCF_009795885.1	95.0	d__Bacteria;p__Pseudomonadota;c__Gammaproteobacteria;o__Enterobacterales;f__Orbaceae;g__Gilliamella;s__Gilliamella sp009795885	97.88	0.74	N/A	N/A	N/A	N/A	N/A	N/A	ani_screen	classification based on ANI only	GCF_900094945.1, s__Gilliamella bombicola, 95.0, 91.14, 0.389; GCF_900103255.1, s__Gilliamella bombi, 95.0, 87.78, 0.245; GCF_900103085.1, s__Gilliamella mensalis, 95.0, 92.61, 0.504; GCF_001690655.1, s__Gilliamella apicola_P, 95.0, 86.89, 0.189; GCF_001690595.1, s__Gilliamella apicola_M, 95.0, 87.05, 0.184; GCF_900094935.1, s__Gilliamella intestini, 95.23, 87.16, 0.17; GCF_009795805.1, s__Gilliamella sp009795805, 95.0, 85.99, 0.164; GCF_001690495.1, s__Gilliamella apicola_G, 95.0, 89.67, 0.36; GCF_001690525.1, s__Gilliamella apicola_H, 95.0, 93.68, 0.563	N/A	N/A	N/A	N/A
BPKAR240407__BPKAR240407.MAGScoT_cleanbin_000001	d__Bacteria;p__Pseudomonadota;c__Gammaproteobacteria;o__Burkholderiales;f__Neisseriaceae;g__Snodgrassella;s__Snodgrassella gandavensis	GCF_914768025.1	95.0	d__Bacteria;p__Pseudomonadota;c__Gammaproteobacteria;o__Burkholderiales;f__Neisseriaceae;g__Snodgrassella;s__Snodgrassella gandavensis	98.76	0.879	N/A	N/A	N/A	N/A	N/A	N/A	ani_screen	classification based on ANI only	GCF_914768045.1, s__Snodgrassella communis, 95.0, 88.52, 0.589; GCF_002777425.1, s__Snodgrassella alvi_B, 95.0, 94.13, 0.746; GCA_002777825.1, s__Snodgrassella alvi_C, 95.0, 92.28, 0.687; GCF_002777745.1, s__Snodgrassella alvi_D, 95.0, 88.38, 0.548	N/A	N/A	N/A	N/A
BPKAR240407__BPKAR240407.MAGScoT_cleanbin_000002	d__Bacteria;p__Pseudomonadota;c__Gammaproteobacteria;o__Enterobacterales;f__Orbaceae;g__Gilliamella;s__Gilliamella mensalis	GCF_900103085.1	95.0	d__Bacteria;p__Pseudomonadota;c__Gammaproteobacteria;o__Enterobacterales;f__Orbaceae;g__Gilliamella;s__Gilliamella mensalis	99.16	0.901	N/A	N/A	N/A	N/A	N/A	N/A	ani_screen	classification based on ANI only	GCF_900094935.1, s__Gilliamella intestini, 95.23, 86.66, 0.236; GCF_009795885.1, s__Gilliamella sp009795885, 95.0, 93.56, 0.665; GCF_001690275.1, s__Gilliamella apicola_C, 95.0, 85.79, 0.191; GCF_001690495.1, s__Gilliamella apicola_G, 95.0, 89.6, 0.507; GCF_009795845.1, s__Gilliamella sp009795845, 95.0, 85.76, 0.187; GCF_900103255.1, s__Gilliamella bombi, 95.0, 87.67, 0.3; GCF_001690525.1, s__Gilliamella apicola_H, 95.0, 90.37, 0.5; GCF_900094945.1, s__Gilliamella bombicola, 95.0, 91.67, 0.464; GCF_009795805.1, s__Gilliamella sp009795805, 95.0, 85.73, 0.186; GCF_001690595.1, s__Gilliamella apicola_M, 95.0, 86.6, 0.233; GCF_001690655.1, s__Gilliamella apicola_P, 95.0, 86.96, 0.287	N/A	N/A	N/A	N/A
BPKAR240407__BPKAR240407.MAGScoT_cleanbin_000003	d__Bacteria;p__Pseudomonadota;c__Gammaproteobacteria;o__Enterobacterales;f__Orbaceae;g__Gilliamella;s__Gilliamella sp009795885	GCF_009795885.1	95.0	d__Bacteria;p__Pseudomonadota;c__Gammaproteobacteria;o__Enterobacterales;f__Orbaceae;g__Gilliamella;s__Gilliamella sp009795885	98.35	0.558	N/A	N/A	N/A	N/A	N/A	N/A	ani_screen	classification based on ANI only	GCF_001690655.1, s__Gilliamella apicola_P, 95.0, 86.32, 0.163; GCF_001690525.1, s__Gilliamella apicola_H, 95.0, 93.81, 0.44; GCF_900103085.1, s__Gilliamella mensalis, 95.0, 90.28, 0.381; GCF_900094945.1, s__Gilliamella bombicola, 95.0, 90.54, 0.314; GCF_001690495.1, s__Gilliamella apicola_G, 95.0, 89.88, 0.292; GCF_900103255.1, s__Gilliamella bombi, 95.0, 87.46, 0.191; GCF_001690595.1, s__Gilliamella apicola_M, 95.0, 86.72, 0.152	N/A	N/A	N/A	N/A
BPKAR250401__BPKAR250401.MAGScoT_cleanbin_000001	d__Bacteria;p__Pseudomonadota;c__Gammaproteobacteria;o__Burkholderiales;f__Neisseriaceae;g__Snodgrassella;s__Snodgrassella gandavensis	GCF_914768025.1	95.0	d__Bacteria;p__Pseudomonadota;c__Gammaproteobacteria;o__Burkholderiales;f__Neisseriaceae;g__Snodgrassella;s__Snodgrassella gandavensis	98.75	0.908	N/A	N/A	N/A	N/A	N/A	N/A	ani_screen	classification based on ANI only	GCF_002777425.1, s__Snodgrassella alvi_B, 95.0, 94.11, 0.797; GCA_002777825.1, s__Snodgrassella alvi_C, 95.0, 92.18, 0.729; GCF_002777745.1, s__Snodgrassella alvi_D, 95.0, 88.31, 0.588; GCF_914768045.1, s__Snodgrassella communis, 95.0, 88.77, 0.605	N/A	N/A	N/A	N/A
BPKAR250401__BPKAR250401.MAGScoT_cleanbin_000002	d__Bacteria;p__Actinomycetota;c__Actinomycetes;o__Actinomycetales;f__Bifidobacteriaceae;g__Bombiscardovia;s__Bombiscardovia coagulans	GCF_002259585.1	95.0	d__Bacteria;p__Actinomycetota;c__Actinomycetes;o__Actinomycetales;f__Bifidobacteriaceae;g__Bombiscardovia;s__Bombiscardovia coagulans	98.94	0.966	N/A	N/A	N/A	N/A	N/A	N/A	ani_screen	classification based on ANI only	N/A	N/A	N/A	N/A	N/A
BPKAR250401__BPKAR250401.MAGScoT_cleanbin_000003	d__Bacteria;p__Bacillota;c__Bacilli;o__Lactobacillales;f__Lactobacillaceae;g__Xylocopilactobacillus;s__	N/A	N/A	N/A	N/A	N/A	N/A	N/A	N/A	N/A	N/A	d__Bacteria;p__Bacillota;c__Bacilli;o__Lactobacillales;f__Lactobacillaceae;g__Xylocopilactobacillus;s__	taxonomic classification fully defined by topology	classification based on placement in class-level tree	N/A	88.28	11	0.99042	N/A
BPKAR250401__BPKAR250401.MAGScoT_cleanbin_000004	d__Bacteria;p__Actinomycetota;c__Actinomycetes;o__Actinomycetales;f__Microbacteriaceae;g__Microbacterium;s__Microbacterium sp001619615	GCF_001619615.1	95.0	d__Bacteria;p__Actinomycetota;c__Actinomycetes;o__Actinomycetales;f__Microbacteriaceae;g__Microbacterium;s__Microbacterium sp001619615	98.48	0.82	N/A	N/A	N/A	N/A	N/A	N/A	ani_screen	classification based on ANI only	GCF_005774735.1, s__Microbacterium sp005774735, 95.0, 91.05, 0.162; GCF_020781835.1, s__Microbacterium testaceum_H, 95.0, 91.14, 0.174; GCF_000333395.1, s__Microbacterium sp000333395, 95.0, 94.79, 0.507; GCF_049739645.1, s__Microbacterium sp049739645, 95.0, 95.08, 0.605; GCF_029639405.1, s__Microbacterium sp001984105, 95.0, 91.32, 0.234; GCF_004022425.1, s__Microbacterium enclense_A, 95.0, 90.51, 0.191; GCF_047238045.1, s__Microbacterium sp047238045, 95.0, 91.11, 0.213; GCF_900156455.1, s__Microbacterium sp900156455, 95.0, 91.11, 0.216	N/A	N/A	N/A	N/A
BPKAR250402__BPKAR250402.MAGScoT_cleanbin_000001	d__Bacteria;p__Pseudomonadota;c__Gammaproteobacteria;o__Burkholderiales;f__Neisseriaceae;g__Snodgrassella;s__Snodgrassella gandavensis	GCF_914768025.1	95.0	d__Bacteria;p__Pseudomonadota;c__Gammaproteobacteria;o__Burkholderiales;f__Neisseriaceae;g__Snodgrassella;s__Snodgrassella gandavensis	98.71	0.906	N/A	N/A	N/A	N/A	N/A	N/A	ani_screen	classification based on ANI only	GCF_002777425.1, s__Snodgrassella alvi_B, 95.0, 94.12, 0.762; GCF_914768045.1, s__Snodgrassella communis, 95.0, 88.32, 0.599; GCA_002777825.1, s__Snodgrassella alvi_C, 95.0, 92.07, 0.708; GCF_002777745.1, s__Snodgrassella alvi_D, 95.0, 88.34, 0.569	N/A	N/A	N/A	N/A
BPKAR250402__BPKAR250402.MAGScoT_cleanbin_000002	d__Bacteria;p__Bacillota;c__Bacilli;o__Lactobacillales;f__Lactobacillaceae;g__Xylocopilactobacillus;s__	N/A	N/A	N/A	N/A	N/A	N/A	N/A	N/A	N/A	N/A	d__Bacteria;p__Bacillota;c__Bacilli;o__Lactobacillales;f__Lactobacillaceae;g__Xylocopilactobacillus;s__	taxonomic classification fully defined by topology	classification based on placement in class-level tree	N/A	95.49	11	0.99047	N/A
BPKAR250402__BPKAR250402.MAGScoT_cleanbin_000003	d__Bacteria;p__Pseudomonadota;c__Gammaproteobacteria;o__Enterobacterales;f__Orbaceae;g__Gilliamella;s__Gilliamella mensalis	GCF_900103085.1	95.0	d__Bacteria;p__Pseudomonadota;c__Gammaproteobacteria;o__Enterobacterales;f__Orbaceae;g__Gilliamella;s__Gilliamella mensalis	98.38	0.823	N/A	N/A	N/A	N/A	N/A	N/A	ani_screen	classification based on ANI only	GCF_001690655.1, s__Gilliamella apicola_P, 95.0, 87.1, 0.236; GCF_900094935.1, s__Gilliamella intestini, 95.23, 87.5, 0.198; GCF_900103255.1, s__Gilliamella bombi, 95.0, 87.56, 0.244; GCF_009795845.1, s__Gilliamella sp009795845, 95.0, 86.1, 0.16; GCF_001690595.1, s__Gilliamella apicola_M, 95.0, 88.12, 0.196; GCF_001690275.1, s__Gilliamella apicola_C, 95.0, 86.35, 0.175; GCF_001690525.1, s__Gilliamella apicola_H, 95.0, 90.6, 0.461; GCF_009795885.1, s__Gilliamella sp009795885, 95.0, 93.68, 0.635; GCF_900094945.1, s__Gilliamella bombicola, 95.0, 91.47, 0.431; GCF_001690495.1, s__Gilliamella apicola_G, 95.0, 89.67, 0.466	N/A	N/A	N/A	N/A
BPKAR250402__BPKAR250402.MAGScoT_cleanbin_000004	d__Bacteria;p__Pseudomonadota;c__Gammaproteobacteria;o__Enterobacterales;f__Orbaceae;g__Gilliamella;s__Gilliamella bombicola	GCF_900094945.1	95.0	d__Bacteria;p__Pseudomonadota;c__Gammaproteobacteria;o__Enterobacterales;f__Orbaceae;g__Gilliamella;s__Gilliamella bombicola	98.96	0.619	N/A	N/A	N/A	N/A	N/A	N/A	ani_screen	classification based on ANI only	GCF_001690525.1, s__Gilliamella apicola_H, 95.0, 88.33, 0.202; GCF_001690495.1, s__Gilliamella apicola_G, 95.0, 87.11, 0.183; GCF_900094935.1, s__Gilliamella intestini, 95.23, 85.63, 0.151; GCF_009795805.1, s__Gilliamella sp009795805, 95.0, 86.42, 0.186; GCF_009795885.1, s__Gilliamella sp009795885, 95.0, 89.13, 0.264; GCF_900103085.1, s__Gilliamella mensalis, 95.0, 89.0, 0.264	N/A	N/A	N/A	N/A
BPKAR250403__BPKAR250403.MAGScoT_cleanbin_000001	d__Bacteria;p__Pseudomonadota;c__Gammaproteobacteria;o__Burkholderiales;f__Neisseriaceae;g__Snodgrassella;s__Snodgrassella gandavensis	GCF_914768025.1	95.0	d__Bacteria;p__Pseudomonadota;c__Gammaproteobacteria;o__Burkholderiales;f__Neisseriaceae;g__Snodgrassella;s__Snodgrassella gandavensis	98.98	0.934	N/A	N/A	N/A	N/A	N/A	N/A	ani_screen	classification based on ANI only	GCF_914768045.1, s__Snodgrassella communis, 95.0, 89.01, 0.576; GCA_002777825.1, s__Snodgrassella alvi_C, 95.0, 92.71, 0.745; GCF_002777745.1, s__Snodgrassella alvi_D, 95.0, 88.74, 0.597; GCF_002777425.1, s__Snodgrassella alvi_B, 95.0, 94.24, 0.802	N/A	N/A	N/A	N/A
BPKAR250403__BPKAR250403.MAGScoT_cleanbin_000002	d__Bacteria;p__Actinomycetota;c__Actinomycetes;o__Actinomycetales;f__Bifidobacteriaceae;g__Bombiscardovia;s__Bombiscardovia coagulans	GCF_002259585.1	95.0	d__Bacteria;p__Actinomycetota;c__Actinomycetes;o__Actinomycetales;f__Bifidobacteriaceae;g__Bombiscardovia;s__Bombiscardovia coagulans	98.81	0.877	N/A	N/A	N/A	N/A	N/A	N/A	ani_screen	classification based on ANI only	N/A	N/A	N/A	N/A	N/A
BPKAR250403__BPKAR250403.MAGScoT_cleanbin_000003	d__Bacteria;p__Pseudomonadota;c__Gammaproteobacteria;o__Enterobacterales;f__Orbaceae;g__Gilliamella;s__Gilliamella sp009795885	GCF_009795885.1	95.0	d__Bacteria;p__Pseudomonadota;c__Gammaproteobacteria;o__Enterobacterales;f__Orbaceae;g__Gilliamella;s__Gilliamella sp009795885	97.77	0.653	N/A	N/A	N/A	N/A	N/A	N/A	ani_screen	classification based on ANI only	GCF_900103085.1, s__Gilliamella mensalis, 95.0, 93.69, 0.613; GCF_001690495.1, s__Gilliamella apicola_G, 95.0, 90.4, 0.422; GCF_001690595.1, s__Gilliamella apicola_M, 95.0, 87.01, 0.2; GCF_900103255.1, s__Gilliamella bombi, 95.0, 87.43, 0.223; GCF_009795805.1, s__Gilliamella sp009795805, 95.0, 86.98, 0.186; GCF_001690525.1, s__Gilliamella apicola_H, 95.0, 93.25, 0.498; GCF_009795845.1, s__Gilliamella sp009795845, 95.0, 86.65, 0.197; GCF_900094945.1, s__Gilliamella bombicola, 95.0, 94.53, 0.615; GCF_001690655.1, s__Gilliamella apicola_P, 95.0, 87.07, 0.24; GCF_900094935.1, s__Gilliamella intestini, 95.23, 87.03, 0.209	N/A	N/A	N/A	N/A
BPKAR250403__BPKAR250403.MAGScoT_cleanbin_000004	d__Bacteria;p__Bacillota;c__Bacilli;o__Lactobacillales;f__Lactobacillaceae;g__Lactobacillus;s__Lactobacillus bombicola	GCF_900112665.1	95.0	d__Bacteria;p__Bacillota;c__Bacilli;o__Lactobacillales;f__Lactobacillaceae;g__Lactobacillus;s__Lactobacillus bombicola	97.83	0.52	N/A	N/A	N/A	N/A	N/A	N/A	ani_screen	classification based on ANI only	GCF_009795885.1, s__Gilliamella sp009795885, 95.0, 91.79, 0.418; GCF_900094945.1, s__Gilliamella bombicola, 95.0, 96.33, 0.487; GCF_900094935.1, s__Gilliamella intestini, 95.23, 86.24, 0.165; GCF_001690655.1, s__Gilliamella apicola_P, 95.0, 85.57, 0.184; GCF_009795805.1, s__Gilliamella sp009795805, 95.0, 86.25, 0.171; GCF_900103085.1, s__Gilliamella mensalis, 95.0, 96.47, 0.561; GCF_001690525.1, s__Gilliamella apicola_H, 95.0, 89.31, 0.318; GCF_900103255.1, s__Gilliamella bombi, 95.0, 86.94, 0.173; GCF_001690495.1, s__Gilliamella apicola_G, 95.0, 88.08, 0.279	N/A	N/A	N/A	N/A
BPKAR250405__BPKAR250405.MAGScoT_cleanbin_000001	d__Bacteria;p__Pseudomonadota;c__Gammaproteobacteria;o__Enterobacterales;f__Orbaceae;g__Gilliamella;s__Gilliamella mensalis	GCF_900103085.1	95.0	d__Bacteria;p__Pseudomonadota;c__Gammaproteobacteria;o__Enterobacterales;f__Orbaceae;g__Gilliamella;s__Gilliamella mensalis	98.07	0.596	N/A	N/A	N/A	N/A	N/A	N/A	ani_screen	classification based on ANI only	GCF_900094945.1, s__Gilliamella bombicola, 95.0, 95.23, 0.321; GCF_001690525.1, s__Gilliamella apicola_H, 95.0, 93.68, 0.381; GCF_009795885.1, s__Gilliamella sp009795885, 95.0, 97.83, 0.611; GCF_001690495.1, s__Gilliamella apicola_G, 95.0, 92.77, 0.296	N/A	N/A	N/A	N/A
BPKAR250406__BPKAR250406.MAGScoT_cleanbin_000001	d__Bacteria;p__Pseudomonadota;c__Gammaproteobacteria;o__Burkholderiales;f__Neisseriaceae;g__Snodgrassella;s__Snodgrassella gandavensis	GCF_914768025.1	95.0	d__Bacteria;p__Pseudomonadota;c__Gammaproteobacteria;o__Burkholderiales;f__Neisseriaceae;g__Snodgrassella;s__Snodgrassella gandavensis	98.71	0.912	N/A	N/A	N/A	N/A	N/A	N/A	ani_screen	classification based on ANI only	GCA_002777825.1, s__Snodgrassella alvi_C, 95.0, 92.07, 0.7; GCF_002777745.1, s__Snodgrassella alvi_D, 95.0, 88.29, 0.557; GCF_914768045.1, s__Snodgrassella communis, 95.0, 88.36, 0.592; GCF_002777425.1, s__Snodgrassella alvi_B, 95.0, 94.12, 0.756	N/A	N/A	N/A	N/A
BPKAR250406__BPKAR250406.MAGScoT_cleanbin_000002	d__Bacteria;p__Pseudomonadota;c__Gammaproteobacteria;o__Enterobacterales;f__Orbaceae;g__Gilliamella;s__Gilliamella sp009795885	GCF_009795885.1	95.0	d__Bacteria;p__Pseudomonadota;c__Gammaproteobacteria;o__Enterobacterales;f__Orbaceae;g__Gilliamella;s__Gilliamella sp009795885	98.64	0.748	N/A	N/A	N/A	N/A	N/A	N/A	ani_screen	classification based on ANI only	GCF_900103085.1, s__Gilliamella mensalis, 95.0, 94.74, 0.579; GCF_900103255.1, s__Gilliamella bombi, 95.0, 89.65, 0.212; GCF_900094935.1, s__Gilliamella intestini, 95.23, 88.9, 0.16; GCF_001690655.1, s__Gilliamella apicola_P, 95.0, 89.15, 0.196; GCF_001690525.1, s__Gilliamella apicola_H, 95.0, 94.18, 0.552; GCF_900094945.1, s__Gilliamella bombicola, 95.0, 94.65, 0.511; GCF_001690495.1, s__Gilliamella apicola_G, 95.0, 91.52, 0.415; GCF_001690595.1, s__Gilliamella apicola_M, 95.0, 89.4, 0.169	N/A	N/A	N/A	N/A
BPVAL240221__BPVAL240221.MAGScoT_cleanbin_000001	d__Bacteria;p__Pseudomonadota;c__Gammaproteobacteria;o__Enterobacterales;f__Orbaceae;g__Gilliamella;s__Gilliamella bombicola	GCF_900094945.1	95.0	d__Bacteria;p__Pseudomonadota;c__Gammaproteobacteria;o__Enterobacterales;f__Orbaceae;g__Gilliamella;s__Gilliamella bombicola	99.09	0.755	N/A	N/A	N/A	N/A	N/A	N/A	ani_screen	classification based on ANI only	GCF_009795885.1, s__Gilliamella sp009795885, 95.0, 94.5, 0.397; GCF_001690525.1, s__Gilliamella apicola_H, 95.0, 92.4, 0.272; GCF_900103085.1, s__Gilliamella mensalis, 95.0, 94.19, 0.375; GCF_001690495.1, s__Gilliamella apicola_G, 95.0, 91.17, 0.243	N/A	N/A	N/A	N/A
BPVAL240221__BPVAL240221.MAGScoT_cleanbin_000002	d__Bacteria;p__Pseudomonadota;c__Gammaproteobacteria;o__Burkholderiales;f__Neisseriaceae;g__Snodgrassella;s__Snodgrassella gandavensis	GCF_914768025.1	95.0	d__Bacteria;p__Pseudomonadota;c__Gammaproteobacteria;o__Burkholderiales;f__Neisseriaceae;g__Snodgrassella;s__Snodgrassella gandavensis	98.78	0.852	N/A	N/A	N/A	N/A	N/A	N/A	ani_screen	classification based on ANI only	GCF_914768045.1, s__Snodgrassella communis, 95.0, 89.94, 0.432; GCF_002777425.1, s__Snodgrassella alvi_B, 95.0, 94.5, 0.7; GCF_002777745.1, s__Snodgrassella alvi_D, 95.0, 89.98, 0.438; GCA_002777825.1, s__Snodgrassella alvi_C, 95.0, 92.88, 0.621	N/A	N/A	N/A	N/A
BPVAL240222__BPVAL240222.MAGScoT_cleanbin_000001	d__Bacteria;p__Pseudomonadota;c__Gammaproteobacteria;o__Burkholderiales;f__Neisseriaceae;g__Snodgrassella;s__Snodgrassella gandavensis	GCF_914768025.1	95.0	d__Bacteria;p__Pseudomonadota;c__Gammaproteobacteria;o__Burkholderiales;f__Neisseriaceae;g__Snodgrassella;s__Snodgrassella gandavensis	98.84	0.886	N/A	N/A	N/A	N/A	N/A	N/A	ani_screen	classification based on ANI only	GCA_002777825.1, s__Snodgrassella alvi_C, 95.0, 92.59, 0.682; GCF_002777425.1, s__Snodgrassella alvi_B, 95.0, 94.1, 0.731; GCF_914768045.1, s__Snodgrassella communis, 95.0, 88.9, 0.571; GCF_002777745.1, s__Snodgrassella alvi_D, 95.0, 88.98, 0.538	N/A	N/A	N/A	N/A
BPVAL240222__BPVAL240222.MAGScoT_cleanbin_000002	d__Bacteria;p__Pseudomonadota;c__Gammaproteobacteria;o__Enterobacterales;f__Orbaceae;g__Gilliamella;s__Gilliamella sp009795885	GCF_009795885.1	95.0	d__Bacteria;p__Pseudomonadota;c__Gammaproteobacteria;o__Enterobacterales;f__Orbaceae;g__Gilliamella;s__Gilliamella sp009795885	98.54	0.771	N/A	N/A	N/A	N/A	N/A	N/A	ani_screen	classification based on ANI only	GCF_900094945.1, s__Gilliamella bombicola, 95.0, 90.99, 0.481; GCF_009795845.1, s__Gilliamella sp009795845, 95.0, 86.66, 0.188; GCF_001690595.1, s__Gilliamella apicola_M, 95.0, 86.68, 0.204; GCF_001690525.1, s__Gilliamella apicola_H, 95.0, 93.81, 0.62; GCF_001690655.1, s__Gilliamella apicola_P, 95.0, 86.58, 0.258; GCF_900094935.1, s__Gilliamella intestini, 95.23, 87.35, 0.215; GCF_009795805.1, s__Gilliamella sp009795805, 95.0, 86.41, 0.171; GCF_001690495.1, s__Gilliamella apicola_G, 95.0, 90.04, 0.478; GCF_001690275.1, s__Gilliamella apicola_C, 95.0, 85.92, 0.166; GCF_900103255.1, s__Gilliamella bombi, 95.0, 87.61, 0.281; GCF_900103085.1, s__Gilliamella mensalis, 95.0, 93.51, 0.645	N/A	N/A	N/A	N/A
BPVAL240222__BPVAL240222.MAGScoT_cleanbin_000003	d__Bacteria;p__Actinomycetota;c__Actinomycetes;o__Actinomycetales;f__Bifidobacteriaceae;g__Bombiscardovia;s__Bombiscardovia coagulans	GCF_002259585.1	95.0	d__Bacteria;p__Actinomycetota;c__Actinomycetes;o__Actinomycetales;f__Bifidobacteriaceae;g__Bombiscardovia;s__Bombiscardovia coagulans	98.85	0.864	N/A	N/A	N/A	N/A	N/A	N/A	ani_screen	classification based on ANI only	N/A	N/A	N/A	N/A	N/A
BPVAL240222__BPVAL240222.MAGScoT_cleanbin_000004	d__Bacteria;p__Pseudomonadota;c__Gammaproteobacteria;o__Enterobacterales;f__Orbaceae;g__Gilliamella;s__Gilliamella bombicola	GCF_900094945.1	95.0	d__Bacteria;p__Pseudomonadota;c__Gammaproteobacteria;o__Enterobacterales;f__Orbaceae;g__Gilliamella;s__Gilliamella bombicola	98.78	0.758	N/A	N/A	N/A	N/A	N/A	N/A	ani_screen	classification based on ANI only	GCF_001690495.1, s__Gilliamella apicola_G, 95.0, 86.66, 0.246; GCF_900103085.1, s__Gilliamella mensalis, 95.0, 89.92, 0.367; GCF_009795845.1, s__Gilliamella sp009795845, 95.0, 85.61, 0.198; GCF_001690525.1, s__Gilliamella apicola_H, 95.0, 88.08, 0.285; GCF_001690595.1, s__Gilliamella apicola_M, 95.0, 86.33, 0.187; GCF_900094935.1, s__Gilliamella intestini, 95.23, 85.83, 0.204; GCF_900103255.1, s__Gilliamella bombi, 95.0, 85.65, 0.193; GCF_009795885.1, s__Gilliamella sp009795885, 95.0, 89.66, 0.37; GCF_009795805.1, s__Gilliamella sp009795805, 95.0, 85.87, 0.238; GCF_001690655.1, s__Gilliamella apicola_P, 95.0, 85.25, 0.201	N/A	N/A	N/A	N/A
BPVAL240223__BPVAL240223.MAGScoT_cleanbin_000001	d__Bacteria;p__Pseudomonadota;c__Gammaproteobacteria;o__Burkholderiales;f__Neisseriaceae;g__Snodgrassella;s__Snodgrassella gandavensis	GCF_914768025.1	95.0	d__Bacteria;p__Pseudomonadota;c__Gammaproteobacteria;o__Burkholderiales;f__Neisseriaceae;g__Snodgrassella;s__Snodgrassella gandavensis	98.77	0.911	N/A	N/A	N/A	N/A	N/A	N/A	ani_screen	classification based on ANI only	GCF_002777745.1, s__Snodgrassella alvi_D, 95.0, 88.24, 0.567; GCA_002777825.1, s__Snodgrassella alvi_C, 95.0, 91.99, 0.714; GCF_002777425.1, s__Snodgrassella alvi_B, 95.0, 94.12, 0.765; GCF_914768045.1, s__Snodgrassella communis, 95.0, 88.44, 0.607	N/A	N/A	N/A	N/A
BPVAL240223__BPVAL240223.MAGScoT_cleanbin_000002	d__Bacteria;p__Bacillota;c__Bacilli;o__Lactobacillales;f__Lactobacillaceae;g__Xylocopilactobacillus;s__	N/A	N/A	N/A	N/A	N/A	N/A	N/A	N/A	N/A	N/A	d__Bacteria;p__Bacillota;c__Bacilli;o__Lactobacillales;f__Lactobacillaceae;g__Xylocopilactobacillus;s__	taxonomic classification fully defined by topology	classification based on placement in class-level tree	N/A	95.49	11	0.99036	N/A
BPVAL240223__BPVAL240223.MAGScoT_cleanbin_000003	d__Bacteria;p__Actinomycetota;c__Actinomycetes;o__Actinomycetales;f__Bifidobacteriaceae;g__Bombiscardovia;s__Bombiscardovia coagulans	GCF_002259585.1	95.0	d__Bacteria;p__Actinomycetota;c__Actinomycetes;o__Actinomycetales;f__Bifidobacteriaceae;g__Bombiscardovia;s__Bombiscardovia coagulans	98.9	0.806	N/A	N/A	N/A	N/A	N/A	N/A	ani_screen	classification based on ANI only	N/A	N/A	N/A	N/A	N/A
BPVAL240224__BPVAL240224.MAGScoT_cleanbin_000001	d__Bacteria;p__Pseudomonadota;c__Gammaproteobacteria;o__Enterobacterales;f__Orbaceae;g__Gilliamella;s__Gilliamella mensalis	GCF_900103085.1	95.0	d__Bacteria;p__Pseudomonadota;c__Gammaproteobacteria;o__Enterobacterales;f__Orbaceae;g__Gilliamella;s__Gilliamella mensalis	98.92	0.763	N/A	N/A	N/A	N/A	N/A	N/A	ani_screen	classification based on ANI only	GCF_009795885.1, s__Gilliamella sp009795885, 95.0, 95.32, 0.551; GCF_900094945.1, s__Gilliamella bombicola, 95.0, 93.4, 0.365; GCF_900094935.1, s__Gilliamella intestini, 95.23, 88.02, 0.151; GCF_001690495.1, s__Gilliamella apicola_G, 95.0, 90.82, 0.385; GCF_001690525.1, s__Gilliamella apicola_H, 95.0, 91.45, 0.385; GCF_900103255.1, s__Gilliamella bombi, 95.0, 88.58, 0.189; GCF_001690655.1, s__Gilliamella apicola_P, 95.0, 88.76, 0.197	N/A	N/A	N/A	N/A
BPVAL240225__BPVAL240225.MAGScoT_cleanbin_000001	d__Bacteria;p__Pseudomonadota;c__Gammaproteobacteria;o__Burkholderiales;f__Neisseriaceae;g__Snodgrassella;s__Snodgrassella gandavensis	GCF_914768025.1	95.0	d__Bacteria;p__Pseudomonadota;c__Gammaproteobacteria;o__Burkholderiales;f__Neisseriaceae;g__Snodgrassella;s__Snodgrassella gandavensis	98.82	0.913	N/A	N/A	N/A	N/A	N/A	N/A	ani_screen	classification based on ANI only	GCF_914768045.1, s__Snodgrassella communis, 95.0, 88.6, 0.592; GCF_002777745.1, s__Snodgrassella alvi_D, 95.0, 88.47, 0.566; GCA_002777825.1, s__Snodgrassella alvi_C, 95.0, 92.07, 0.711; GCF_002777425.1, s__Snodgrassella alvi_B, 95.0, 94.31, 0.765	N/A	N/A	N/A	N/A
BPVAL240225__BPVAL240225.MAGScoT_cleanbin_000002	d__Bacteria;p__Actinomycetota;c__Actinomycetes;o__Actinomycetales;f__Bifidobacteriaceae;g__Bombiscardovia;s__Bombiscardovia coagulans	GCF_002259585.1	95.0	d__Bacteria;p__Actinomycetota;c__Actinomycetes;o__Actinomycetales;f__Bifidobacteriaceae;g__Bombiscardovia;s__Bombiscardovia coagulans	98.9	0.896	N/A	N/A	N/A	N/A	N/A	N/A	ani_screen	classification based on ANI only	N/A	N/A	N/A	N/A	N/A
BPVAL240225__BPVAL240225.MAGScoT_cleanbin_000003	d__Bacteria;p__Bacillota;c__Bacilli;o__Lactobacillales;f__Lactobacillaceae;g__Xylocopilactobacillus;s__	N/A	N/A	N/A	N/A	N/A	N/A	N/A	N/A	N/A	N/A	d__Bacteria;p__Bacillota;c__Bacilli;o__Lactobacillales;f__Lactobacillaceae;g__Xylocopilactobacillus;s__	taxonomic classification fully defined by topology	classification based on placement in class-level tree	N/A	82.91	11	0.99078	N/A
BPVAL240225__BPVAL240225.MAGScoT_cleanbin_000004	d__Bacteria;p__Pseudomonadota;c__Gammaproteobacteria;o__Enterobacterales;f__Orbaceae;g__Gilliamella;s__Gilliamella bombicola	GCF_900094945.1	95.0	d__Bacteria;p__Pseudomonadota;c__Gammaproteobacteria;o__Enterobacterales;f__Orbaceae;g__Gilliamella;s__Gilliamella bombicola	98.26	0.718	N/A	N/A	N/A	N/A	N/A	N/A	ani_screen	classification based on ANI only	GCF_001690595.1, s__Gilliamella apicola_M, 95.0, 85.98, 0.186; GCF_001690655.1, s__Gilliamella apicola_P, 95.0, 85.32, 0.184; GCF_009795805.1, s__Gilliamella sp009795805, 95.0, 85.96, 0.23; GCF_900094935.1, s__Gilliamella intestini, 95.23, 85.82, 0.205; GCF_001690495.1, s__Gilliamella apicola_G, 95.0, 87.46, 0.282; GCF_001690525.1, s__Gilliamella apicola_H, 95.0, 88.62, 0.286; GCF_009795885.1, s__Gilliamella sp009795885, 95.0, 90.97, 0.399; GCF_009795845.1, s__Gilliamella sp009795845, 95.0, 85.6, 0.172; GCF_900103085.1, s__Gilliamella mensalis, 95.0, 91.25, 0.448; GCF_900103255.1, s__Gilliamella bombi, 95.0, 85.62, 0.171	N/A	N/A	N/A	N/A
BPVAL240225__BPVAL240225.MAGScoT_cleanbin_000005	d__Bacteria;p__Pseudomonadota;c__Gammaproteobacteria;o__Enterobacterales;f__Orbaceae;g__Gilliamella;s__Gilliamella mensalis	GCF_900103085.1	95.0	d__Bacteria;p__Pseudomonadota;c__Gammaproteobacteria;o__Enterobacterales;f__Orbaceae;g__Gilliamella;s__Gilliamella mensalis	98.93	0.847	N/A	N/A	N/A	N/A	N/A	N/A	ani_screen	classification based on ANI only	GCF_900094935.1, s__Gilliamella intestini, 95.23, 85.28, 0.23; GCF_009795885.1, s__Gilliamella sp009795885, 95.0, 93.81, 0.672; GCF_900094945.1, s__Gilliamella bombicola, 95.0, 90.25, 0.48; GCF_001690495.1, s__Gilliamella apicola_G, 95.0, 89.53, 0.532; GCF_001690595.1, s__Gilliamella apicola_M, 95.0, 85.38, 0.204; GCF_001690655.1, s__Gilliamella apicola_P, 95.0, 85.96, 0.272; GCF_009795845.1, s__Gilliamella sp009795845, 95.0, 84.56, 0.191; GCF_009795805.1, s__Gilliamella sp009795805, 95.0, 84.4, 0.184; GCF_001690525.1, s__Gilliamella apicola_H, 95.0, 89.63, 0.503; GCF_900103255.1, s__Gilliamella bombi, 95.0, 85.71, 0.276; GCF_001690275.1, s__Gilliamella apicola_C, 95.0, 84.51, 0.182	N/A	N/A	N/A	N/A
BPVAL240225__BPVAL240225.MAGScoT_cleanbin_000006	d__Bacteria;p__Pseudomonadota;c__Gammaproteobacteria;o__Enterobacterales;f__Orbaceae;g__Gilliamella;s__Gilliamella sp009795885	GCF_009795885.1	95.0	d__Bacteria;p__Pseudomonadota;c__Gammaproteobacteria;o__Enterobacterales;f__Orbaceae;g__Gilliamella;s__Gilliamella sp009795885	98.59	0.701	N/A	N/A	N/A	N/A	N/A	N/A	ani_screen	classification based on ANI only	GCF_001690655.1, s__Gilliamella apicola_P, 95.0, 87.96, 0.172; GCF_900103255.1, s__Gilliamella bombi, 95.0, 89.16, 0.236; GCF_900094945.1, s__Gilliamella bombicola, 95.0, 91.55, 0.289; GCF_001690525.1, s__Gilliamella apicola_H, 95.0, 94.18, 0.545; GCF_900094935.1, s__Gilliamella intestini, 95.23, 88.65, 0.169; GCF_001690595.1, s__Gilliamella apicola_M, 95.0, 88.18, 0.164; GCF_009795845.1, s__Gilliamella sp009795845, 95.0, 87.01, 0.157; GCF_001690495.1, s__Gilliamella apicola_G, 95.0, 90.51, 0.325; GCF_900103085.1, s__Gilliamella mensalis, 95.0, 91.33, 0.39	N/A	N/A	N/A	N/A
BPVAL250101__BPVAL250101.MAGScoT_cleanbin_000001	d__Bacteria;p__Pseudomonadota;c__Gammaproteobacteria;o__Burkholderiales;f__Neisseriaceae;g__Snodgrassella;s__Snodgrassella gandavensis	GCF_914768025.1	95.0	d__Bacteria;p__Pseudomonadota;c__Gammaproteobacteria;o__Burkholderiales;f__Neisseriaceae;g__Snodgrassella;s__Snodgrassella gandavensis	98.78	0.957	N/A	N/A	N/A	N/A	N/A	N/A	ani_screen	classification based on ANI only	GCF_914768045.1, s__Snodgrassella communis, 95.0, 89.33, 0.512; GCA_002777825.1, s__Snodgrassella alvi_C, 95.0, 92.77, 0.722; GCF_002777425.1, s__Snodgrassella alvi_B, 95.0, 94.29, 0.777; GCF_002777745.1, s__Snodgrassella alvi_D, 95.0, 89.76, 0.534	N/A	N/A	N/A	N/A
BPVAL250101__BPVAL250101.MAGScoT_cleanbin_000002	d__Bacteria;p__Pseudomonadota;c__Gammaproteobacteria;o__Enterobacterales;f__Orbaceae;g__Gilliamella;s__Gilliamella mensalis	GCF_900103085.1	95.0	d__Bacteria;p__Pseudomonadota;c__Gammaproteobacteria;o__Enterobacterales;f__Orbaceae;g__Gilliamella;s__Gilliamella mensalis	98.21	0.702	N/A	N/A	N/A	N/A	N/A	N/A	ani_screen	classification based on ANI only	GCF_001690495.1, s__Gilliamella apicola_G, 95.0, 91.17, 0.421; GCF_900094935.1, s__Gilliamella intestini, 95.23, 88.92, 0.165; GCF_001690655.1, s__Gilliamella apicola_P, 95.0, 89.02, 0.209; GCF_001690525.1, s__Gilliamella apicola_H, 95.0, 92.77, 0.489; GCF_900094945.1, s__Gilliamella bombicola, 95.0, 93.71, 0.397; GCF_900103255.1, s__Gilliamella bombi, 95.0, 89.29, 0.219; GCF_001690595.1, s__Gilliamella apicola_M, 95.0, 88.94, 0.164; GCF_009795885.1, s__Gilliamella sp009795885, 95.0, 97.22, 0.702	N/A	N/A	N/A	N/A
BPVAL250101__BPVAL250101.MAGScoT_cleanbin_000003	d__Bacteria;p__Bacillota;c__Bacilli;o__Lactobacillales;f__Lactobacillaceae;g__Lactobacillus;s__Lactobacillus bombicola	GCF_900112665.1	95.0	d__Bacteria;p__Bacillota;c__Bacilli;o__Lactobacillales;f__Lactobacillaceae;g__Lactobacillus;s__Lactobacillus bombicola	97.68	0.707	N/A	N/A	N/A	N/A	N/A	N/A	ani_screen	classification based on ANI only	N/A	N/A	N/A	N/A	N/A
BPVAL250102__BPVAL250102.MAGScoT_cleanbin_000001	d__Bacteria;p__Pseudomonadota;c__Gammaproteobacteria;o__Burkholderiales;f__Neisseriaceae;g__Snodgrassella;s__Snodgrassella alvi_B	GCF_002777425.1	95.0	d__Bacteria;p__Pseudomonadota;c__Gammaproteobacteria;o__Burkholderiales;f__Neisseriaceae;g__Snodgrassella;s__Snodgrassella alvi_B	97.14	0.816	N/A	N/A	N/A	N/A	N/A	N/A	ani_screen	classification based on ANI only	GCF_914768045.1, s__Snodgrassella communis, 95.0, 88.86, 0.61; GCF_914768025.1, s__Snodgrassella gandavensis, 95.0, 94.74, 0.862; GCF_002777745.1, s__Snodgrassella alvi_D, 95.0, 88.7, 0.606; GCA_002777825.1, s__Snodgrassella alvi_C, 95.0, 94.01, 0.758; GCF_000600005.1, s__Snodgrassella alvi, 95.0, 82.11, 0.164	N/A	N/A	N/A	N/A
BPVAL250102__BPVAL250102.MAGScoT_cleanbin_000002	d__Bacteria;p__Pseudomonadota;c__Gammaproteobacteria;o__Enterobacterales;f__Orbaceae;g__Gilliamella;s__Gilliamella apicola_H	GCF_001690525.1	95.0	d__Bacteria;p__Pseudomonadota;c__Gammaproteobacteria;o__Enterobacterales;f__Orbaceae;g__Gilliamella;s__Gilliamella apicola_H	95.36	0.783	N/A	N/A	N/A	N/A	N/A	N/A	ani_screen	classification based on ANI only	GCF_001690275.1, s__Gilliamella apicola_C, 95.0, 84.21, 0.284; GCF_900103085.1, s__Gilliamella mensalis, 95.0, 90.75, 0.643; GCF_009795885.1, s__Gilliamella sp009795885, 95.0, 94.56, 0.764; GCF_001690655.1, s__Gilliamella apicola_P, 95.0, 84.95, 0.38; GCF_001690355.1, s__Gilliamella apicola_A, 95.0, 83.53, 0.16; GCF_009795805.1, s__Gilliamella sp009795805, 95.0, 83.64, 0.241; GCF_900094945.1, s__Gilliamella bombicola, 95.0, 89.71, 0.491; GCF_900094935.1, s__Gilliamella intestini, 95.23, 85.46, 0.296; GCF_001690595.1, s__Gilliamella apicola_M, 95.0, 84.77, 0.289; GCF_900103255.1, s__Gilliamella bombi, 95.0, 86.13, 0.389; GCF_001690495.1, s__Gilliamella apicola_G, 95.0, 90.92, 0.601; GCF_009795845.1, s__Gilliamella sp009795845, 95.0, 84.0, 0.251	N/A	N/A	N/A	N/A
BPVAL250102__BPVAL250102.MAGScoT_cleanbin_000003	d__Bacteria;p__Bacillota;c__Bacilli;o__Lactobacillales;f__Lactobacillaceae;g__Lactobacillus;s__Lactobacillus bombicola	GCF_900112665.1	95.0	d__Bacteria;p__Bacillota;c__Bacilli;o__Lactobacillales;f__Lactobacillaceae;g__Lactobacillus;s__Lactobacillus bombicola	97.39	0.844	N/A	N/A	N/A	N/A	N/A	N/A	ani_screen	classification based on ANI only	N/A	N/A	N/A	N/A	N/A
BPVAL250102__BPVAL250102.MAGScoT_cleanbin_000004	d__Bacteria;p__Actinomycetota;c__Actinomycetes;o__Actinomycetales;f__Bifidobacteriaceae;g__Bombiscardovia;s__Bombiscardovia coagulans	GCF_002259585.1	95.0	d__Bacteria;p__Actinomycetota;c__Actinomycetes;o__Actinomycetales;f__Bifidobacteriaceae;g__Bombiscardovia;s__Bombiscardovia coagulans	97.74	0.941	N/A	N/A	N/A	N/A	N/A	N/A	ani_screen	classification based on ANI only	N/A	N/A	N/A	N/A	N/A
BPVAL250102__BPVAL250102.MAGScoT_cleanbin_000005	d__Bacteria;p__Actinomycetota;c__Actinomycetes;o__Actinomycetales;f__Microbacteriaceae;g__Microbacterium;s__Microbacterium sp001619615	GCF_001619615.1	95.0	d__Bacteria;p__Actinomycetota;c__Actinomycetes;o__Actinomycetales;f__Microbacteriaceae;g__Microbacterium;s__Microbacterium sp001619615	98.58	0.811	N/A	N/A	N/A	N/A	N/A	N/A	ani_screen	classification based on ANI only	GCF_020781835.1, s__Microbacterium testaceum_H, 95.0, 90.99, 0.177; GCF_005774735.1, s__Microbacterium sp005774735, 95.0, 90.46, 0.181; GCF_049739645.1, s__Microbacterium sp049739645, 95.0, 95.09, 0.606; GCF_900156455.1, s__Microbacterium sp900156455, 95.0, 90.96, 0.233; GCF_029639405.1, s__Microbacterium sp001984105, 95.0, 91.05, 0.262; GCF_000333395.1, s__Microbacterium sp000333395, 95.0, 94.9, 0.515; GCF_047238045.1, s__Microbacterium sp047238045, 95.0, 90.51, 0.236; GCF_004022425.1, s__Microbacterium enclense_A, 95.0, 90.04, 0.193	N/A	N/A	N/A	N/A
BPVAL250103__BPVAL250103.MAGScoT_cleanbin_000001	d__Bacteria;p__Pseudomonadota;c__Gammaproteobacteria;o__Burkholderiales;f__Neisseriaceae;g__Snodgrassella;s__Snodgrassella gandavensis	GCF_914768025.1	95.0	d__Bacteria;p__Pseudomonadota;c__Gammaproteobacteria;o__Burkholderiales;f__Neisseriaceae;g__Snodgrassella;s__Snodgrassella gandavensis	98.75	0.918	N/A	N/A	N/A	N/A	N/A	N/A	ani_screen	classification based on ANI only	GCF_914768045.1, s__Snodgrassella communis, 95.0, 88.53, 0.586; GCF_002777745.1, s__Snodgrassella alvi_D, 95.0, 88.35, 0.574; GCA_002777825.1, s__Snodgrassella alvi_C, 95.0, 92.66, 0.727; GCF_002777425.1, s__Snodgrassella alvi_B, 95.0, 94.12, 0.798	N/A	N/A	N/A	N/A
BPVAL250103__BPVAL250103.MAGScoT_cleanbin_000002	d__Bacteria;p__Pseudomonadota;c__Gammaproteobacteria;o__Enterobacterales;f__Orbaceae;g__Gilliamella;s__Gilliamella mensalis	GCF_900103085.1	95.0	d__Bacteria;p__Pseudomonadota;c__Gammaproteobacteria;o__Enterobacterales;f__Orbaceae;g__Gilliamella;s__Gilliamella mensalis	99.09	0.841	N/A	N/A	N/A	N/A	N/A	N/A	ani_screen	classification based on ANI only	GCF_001690275.1, s__Gilliamella apicola_C, 95.0, 86.04, 0.183; GCF_009795845.1, s__Gilliamella sp009795845, 95.0, 86.24, 0.194; GCF_001690595.1, s__Gilliamella apicola_M, 95.0, 86.81, 0.209; GCF_001690495.1, s__Gilliamella apicola_G, 95.0, 90.01, 0.488; GCF_900094935.1, s__Gilliamella intestini, 95.23, 87.04, 0.228; GCF_900103255.1, s__Gilliamella bombi, 95.0, 87.79, 0.269; GCF_009795805.1, s__Gilliamella sp009795805, 95.0, 85.78, 0.19; GCF_009795885.1, s__Gilliamella sp009795885, 95.0, 94.55, 0.621; GCF_001690655.1, s__Gilliamella apicola_P, 95.0, 87.25, 0.285; GCF_001690525.1, s__Gilliamella apicola_H, 95.0, 90.87, 0.496; GCF_900094945.1, s__Gilliamella bombicola, 95.0, 92.33, 0.484	N/A	N/A	N/A	N/A
BPVAL250104__BPVAL250104.MAGScoT_cleanbin_000001	d__Bacteria;p__Pseudomonadota;c__Gammaproteobacteria;o__Burkholderiales;f__Neisseriaceae;g__Snodgrassella;s__Snodgrassella gandavensis	GCF_914768025.1	95.0	d__Bacteria;p__Pseudomonadota;c__Gammaproteobacteria;o__Burkholderiales;f__Neisseriaceae;g__Snodgrassella;s__Snodgrassella gandavensis	98.69	0.92	N/A	N/A	N/A	N/A	N/A	N/A	ani_screen	classification based on ANI only	GCF_914768045.1, s__Snodgrassella communis, 95.0, 88.54, 0.595; GCF_002777425.1, s__Snodgrassella alvi_B, 95.0, 94.25, 0.802; GCF_002777745.1, s__Snodgrassella alvi_D, 95.0, 88.31, 0.589; GCA_002777825.1, s__Snodgrassella alvi_C, 95.0, 91.91, 0.743	N/A	N/A	N/A	N/A
BPVAL250104__BPVAL250104.MAGScoT_cleanbin_000002	d__Bacteria;p__Actinomycetota;c__Actinomycetes;o__Actinomycetales;f__Bifidobacteriaceae;g__Bombiscardovia;s__Bombiscardovia coagulans	GCF_002259585.1	95.0	d__Bacteria;p__Actinomycetota;c__Actinomycetes;o__Actinomycetales;f__Bifidobacteriaceae;g__Bombiscardovia;s__Bombiscardovia coagulans	98.9	0.88	N/A	N/A	N/A	N/A	N/A	N/A	ani_screen	classification based on ANI only	N/A	N/A	N/A	N/A	N/A
BPVAL250104__BPVAL250104.MAGScoT_cleanbin_000003	d__Bacteria;p__Pseudomonadota;c__Gammaproteobacteria;o__Enterobacterales;f__Orbaceae;g__Gilliamella;s__Gilliamella bombicola	GCF_900094945.1	95.0	d__Bacteria;p__Pseudomonadota;c__Gammaproteobacteria;o__Enterobacterales;f__Orbaceae;g__Gilliamella;s__Gilliamella bombicola	98.85	0.885	N/A	N/A	N/A	N/A	N/A	N/A	ani_screen	classification based on ANI only	GCF_009795885.1, s__Gilliamella sp009795885, 95.0, 91.81, 0.469; GCF_001690275.1, s__Gilliamella apicola_C, 95.0, 85.21, 0.169; GCF_900103255.1, s__Gilliamella bombi, 95.0, 86.75, 0.231; GCF_001690495.1, s__Gilliamella apicola_G, 95.0, 88.71, 0.349; GCF_001690655.1, s__Gilliamella apicola_P, 95.0, 86.17, 0.255; GCF_900103085.1, s__Gilliamella mensalis, 95.0, 91.38, 0.506; GCF_009795805.1, s__Gilliamella sp009795805, 95.0, 86.43, 0.263; GCF_900094935.1, s__Gilliamella intestini, 95.23, 86.29, 0.23; GCF_009795845.1, s__Gilliamella sp009795845, 95.0, 86.47, 0.239; GCF_001690595.1, s__Gilliamella apicola_M, 95.0, 86.58, 0.222; GCF_001690525.1, s__Gilliamella apicola_H, 95.0, 89.63, 0.347	N/A	N/A	N/A	N/A
BPVAL250104__BPVAL250104.MAGScoT_cleanbin_000004	d__Bacteria;p__Pseudomonadota;c__Gammaproteobacteria;o__Enterobacterales;f__Orbaceae;g__Gilliamella;s__Gilliamella mensalis	GCF_900103085.1	95.0	d__Bacteria;p__Pseudomonadota;c__Gammaproteobacteria;o__Enterobacterales;f__Orbaceae;g__Gilliamella;s__Gilliamella mensalis	98.7	0.714	N/A	N/A	N/A	N/A	N/A	N/A	ani_screen	classification based on ANI only	GCF_009795885.1, s__Gilliamella sp009795885, 95.0, 96.25, 0.603; GCF_900094945.1, s__Gilliamella bombicola, 95.0, 89.69, 0.345; GCF_001690655.1, s__Gilliamella apicola_P, 95.0, 86.51, 0.211; GCF_001690495.1, s__Gilliamella apicola_G, 95.0, 89.92, 0.377; GCF_900094935.1, s__Gilliamella intestini, 95.23, 87.43, 0.175; GCF_001690525.1, s__Gilliamella apicola_H, 95.0, 92.26, 0.474; GCF_900103255.1, s__Gilliamella bombi, 95.0, 87.56, 0.219	N/A	N/A	N/A	N/A
BPVAL250105__BPVAL250105.MAGScoT_cleanbin_000001	d__Bacteria;p__Pseudomonadota;c__Gammaproteobacteria;o__Burkholderiales;f__Neisseriaceae;g__Snodgrassella;s__Snodgrassella alvi_B	GCF_002777425.1	95.0	d__Bacteria;p__Pseudomonadota;c__Gammaproteobacteria;o__Burkholderiales;f__Neisseriaceae;g__Snodgrassella;s__Snodgrassella alvi_B	97.0	0.829	N/A	N/A	N/A	N/A	N/A	N/A	ani_screen	classification based on ANI only	GCF_914768025.1, s__Snodgrassella gandavensis, 95.0, 94.54, 0.891; GCF_002777745.1, s__Snodgrassella alvi_D, 95.0, 88.74, 0.617; GCF_000600005.1, s__Snodgrassella alvi, 95.0, 81.87, 0.155; GCF_914768045.1, s__Snodgrassella communis, 95.0, 88.95, 0.603; GCA_002777825.1, s__Snodgrassella alvi_C, 95.0, 94.05, 0.779	N/A	N/A	N/A	N/A
BPVAL250105__BPVAL250105.MAGScoT_cleanbin_000002	d__Bacteria;p__Pseudomonadota;c__Gammaproteobacteria;o__Enterobacterales;f__Orbaceae;g__Gilliamella;s__Gilliamella apicola_H	GCF_001690525.1	95.0	d__Bacteria;p__Pseudomonadota;c__Gammaproteobacteria;o__Enterobacterales;f__Orbaceae;g__Gilliamella;s__Gilliamella apicola_H	95.14	0.729	N/A	N/A	N/A	N/A	N/A	N/A	ani_screen	classification based on ANI only	GCF_001690355.1, s__Gilliamella apicola_A, 95.0, 83.41, 0.16; GCF_001690595.1, s__Gilliamella apicola_M, 95.0, 85.59, 0.302; GCF_900094935.1, s__Gilliamella intestini, 95.23, 85.6, 0.3; GCF_009795845.1, s__Gilliamella sp009795845, 95.0, 84.53, 0.253; GCF_900103255.1, s__Gilliamella bombi, 95.0, 86.55, 0.393; GCF_900094945.1, s__Gilliamella bombicola, 95.0, 89.62, 0.512; GCF_001690275.1, s__Gilliamella apicola_C, 95.0, 84.64, 0.241; GCF_009795885.1, s__Gilliamella sp009795885, 95.0, 94.57, 0.715; GCF_001690495.1, s__Gilliamella apicola_G, 95.0, 90.67, 0.592; GCF_900103085.1, s__Gilliamella mensalis, 95.0, 90.59, 0.643; GCF_009795805.1, s__Gilliamella sp009795805, 95.0, 84.26, 0.266; GCF_001690655.1, s__Gilliamella apicola_P, 95.0, 85.48, 0.377	N/A	N/A	N/A	N/A
BPVAL250105__BPVAL250105.MAGScoT_cleanbin_000003	d__Bacteria;p__Actinomycetota;c__Actinomycetes;o__Actinomycetales;f__Bifidobacteriaceae;g__Bombiscardovia;s__Bombiscardovia coagulans	GCF_002259585.1	95.0	d__Bacteria;p__Actinomycetota;c__Actinomycetes;o__Actinomycetales;f__Bifidobacteriaceae;g__Bombiscardovia;s__Bombiscardovia coagulans	98.04	0.956	N/A	N/A	N/A	N/A	N/A	N/A	ani_screen	classification based on ANI only	N/A	N/A	N/A	N/A	N/A
BPVAL250105__BPVAL250105.MAGScoT_cleanbin_000004	d__Bacteria;p__Bacillota;c__Bacilli;o__Lactobacillales;f__Lactobacillaceae;g__Lactobacillus;s__Lactobacillus bombicola	GCF_900112665.1	95.0	d__Bacteria;p__Bacillota;c__Bacilli;o__Lactobacillales;f__Lactobacillaceae;g__Lactobacillus;s__Lactobacillus bombicola	99.54	0.638	N/A	N/A	N/A	N/A	N/A	N/A	ani_screen	classification based on ANI only	N/A	N/A	N/A	N/A	N/A
BPZEB240707M__BPZEB240707M.MAGScoT_cleanbin_000001	d__Bacteria;p__Pseudomonadota;c__Gammaproteobacteria;o__Burkholderiales;f__Neisseriaceae;g__Snodgrassella;s__Snodgrassella gandavensis	GCF_914768025.1	95.0	d__Bacteria;p__Pseudomonadota;c__Gammaproteobacteria;o__Burkholderiales;f__Neisseriaceae;g__Snodgrassella;s__Snodgrassella gandavensis	98.5	0.918	N/A	N/A	N/A	N/A	N/A	N/A	ani_screen	classification based on ANI only	GCA_002777825.1, s__Snodgrassella alvi_C, 95.0, 92.0, 0.718; GCF_002777745.1, s__Snodgrassella alvi_D, 95.0, 88.41, 0.586; GCF_002777425.1, s__Snodgrassella alvi_B, 95.0, 93.96, 0.768; GCF_914768045.1, s__Snodgrassella communis, 95.0, 88.62, 0.589	N/A	N/A	N/A	N/A
BPZEB240707M__BPZEB240707M.MAGScoT_cleanbin_000002	d__Bacteria;p__Pseudomonadota;c__Gammaproteobacteria;o__Enterobacterales;f__Orbaceae;g__Gilliamella;s__Gilliamella mensalis	GCF_900103085.1	95.0	d__Bacteria;p__Pseudomonadota;c__Gammaproteobacteria;o__Enterobacterales;f__Orbaceae;g__Gilliamella;s__Gilliamella mensalis	99.07	0.913	N/A	N/A	N/A	N/A	N/A	N/A	ani_screen	classification based on ANI only	GCF_009795805.1, s__Gilliamella sp009795805, 95.0, 82.86, 0.212; GCF_900094935.1, s__Gilliamella intestini, 95.23, 84.63, 0.303; GCF_001690655.1, s__Gilliamella apicola_P, 95.0, 85.17, 0.372; GCF_001690495.1, s__Gilliamella apicola_G, 95.0, 89.5, 0.596; GCF_001690595.1, s__Gilliamella apicola_M, 95.0, 84.34, 0.287; GCF_900094945.1, s__Gilliamella bombicola, 95.0, 90.96, 0.526; GCF_001690525.1, s__Gilliamella apicola_H, 95.0, 89.52, 0.574; GCF_900103255.1, s__Gilliamella bombi, 95.0, 85.37, 0.35; GCF_009795885.1, s__Gilliamella sp009795885, 95.0, 93.3, 0.703; GCF_001690275.1, s__Gilliamella apicola_C, 95.0, 83.29, 0.255; GCF_009795845.1, s__Gilliamella sp009795845, 95.0, 84.09, 0.259; GCF_001690355.1, s__Gilliamella apicola_A, 95.0, 83.43, 0.158	N/A	N/A	N/A	N/A
BPZEB240707M__BPZEB240707M.MAGScoT_cleanbin_000003	d__Bacteria;p__Actinomycetota;c__Actinomycetes;o__Actinomycetales;f__Bifidobacteriaceae;g__Bombiscardovia;s__Bombiscardovia coagulans	GCF_002259585.1	95.0	d__Bacteria;p__Actinomycetota;c__Actinomycetes;o__Actinomycetales;f__Bifidobacteriaceae;g__Bombiscardovia;s__Bombiscardovia coagulans	98.95	0.968	N/A	N/A	N/A	N/A	N/A	N/A	ani_screen	classification based on ANI only	N/A	N/A	N/A	N/A	N/A
BPZEB240707M__BPZEB240707M.MAGScoT_cleanbin_000004	d__Bacteria;p__Bacillota;c__Bacilli;o__Lactobacillales;f__Lactobacillaceae;g__Lactobacillus;s__Lactobacillus bombicola	GCF_900112665.1	95.0	d__Bacteria;p__Bacillota;c__Bacilli;o__Lactobacillales;f__Lactobacillaceae;g__Lactobacillus;s__Lactobacillus bombicola	96.87	0.831	N/A	N/A	N/A	N/A	N/A	N/A	ani_screen	classification based on ANI only	N/A	N/A	N/A	N/A	N/A
BPZEB240707M__BPZEB240707M.MAGScoT_cleanbin_000005	d__Bacteria;p__Bacillota;c__Bacilli;o__Lactobacillales;f__Lactobacillaceae;g__Xylocopilactobacillus;s__	N/A	N/A	N/A	N/A	N/A	N/A	N/A	N/A	N/A	N/A	d__Bacteria;p__Bacillota;c__Bacilli;o__Lactobacillales;f__Lactobacillaceae;g__Xylocopilactobacillus;s__	taxonomic classification fully defined by topology	classification based on placement in class-level tree	N/A	73.07	11	0.99079	Genome has more than 12.5% of markers with multiple hits
BPZEB240709M__BPZEB240709M.MAGScoT_cleanbin_000001	d__Bacteria;p__Pseudomonadota;c__Gammaproteobacteria;o__Burkholderiales;f__Neisseriaceae;g__Snodgrassella;s__Snodgrassella gandavensis	GCF_914768025.1	95.0	d__Bacteria;p__Pseudomonadota;c__Gammaproteobacteria;o__Burkholderiales;f__Neisseriaceae;g__Snodgrassella;s__Snodgrassella gandavensis	98.82	0.881	N/A	N/A	N/A	N/A	N/A	N/A	ani_screen	classification based on ANI only	GCF_914768045.1, s__Snodgrassella communis, 95.0, 88.78, 0.59; GCF_002777745.1, s__Snodgrassella alvi_D, 95.0, 88.77, 0.574; GCF_002777425.1, s__Snodgrassella alvi_B, 95.0, 94.26, 0.786; GCA_002777825.1, s__Snodgrassella alvi_C, 95.0, 92.11, 0.714	N/A	N/A	N/A	N/A
BPZEB240709M__BPZEB240709M.MAGScoT_cleanbin_000002	d__Bacteria;p__Pseudomonadota;c__Gammaproteobacteria;o__Enterobacterales;f__Orbaceae;g__Gilliamella;s__Gilliamella mensalis	GCF_900103085.1	95.0	d__Bacteria;p__Pseudomonadota;c__Gammaproteobacteria;o__Enterobacterales;f__Orbaceae;g__Gilliamella;s__Gilliamella mensalis	99.03	0.669	N/A	N/A	N/A	N/A	N/A	N/A	ani_screen	classification based on ANI only	GCF_001690495.1, s__Gilliamella apicola_G, 95.0, 91.75, 0.29; GCF_009795885.1, s__Gilliamella sp009795885, 95.0, 95.61, 0.477; GCF_900094945.1, s__Gilliamella bombicola, 95.0, 94.09, 0.31; GCF_001690525.1, s__Gilliamella apicola_H, 95.0, 92.77, 0.314	N/A	N/A	N/A	N/A
BPZEB240711M__BPZEB240711M.MAGScoT_cleanbin_000001	d__Bacteria;p__Pseudomonadota;c__Gammaproteobacteria;o__Enterobacterales;f__Orbaceae;g__Gilliamella;s__	N/A	N/A	N/A	N/A	N/A	N/A	N/A	N/A	N/A	N/A	d__Bacteria;p__Pseudomonadota;c__Gammaproteobacteria;o__Enterobacterales;f__Orbaceae;g__Gilliamella;s__	taxonomic classification fully defined by topology	classification based on placement in class-level tree	N/A	36.79	11	0.99895	Genome has more than 18.3% of markers with multiple hits
BPZEB240712M__BPZEB240712M.MAGScoT_cleanbin_000001	d__Bacteria;p__Pseudomonadota;c__Gammaproteobacteria;o__Burkholderiales;f__Neisseriaceae;g__Snodgrassella;s__Snodgrassella gandavensis	GCF_914768025.1	95.0	d__Bacteria;p__Pseudomonadota;c__Gammaproteobacteria;o__Burkholderiales;f__Neisseriaceae;g__Snodgrassella;s__Snodgrassella gandavensis	98.81	0.921	N/A	N/A	N/A	N/A	N/A	N/A	ani_screen	classification based on ANI only	GCA_002777825.1, s__Snodgrassella alvi_C, 95.0, 91.91, 0.716; GCF_002777425.1, s__Snodgrassella alvi_B, 95.0, 93.98, 0.777; GCF_914768045.1, s__Snodgrassella communis, 95.0, 88.62, 0.599; GCF_002777745.1, s__Snodgrassella alvi_D, 95.0, 88.6, 0.572	N/A	N/A	N/A	N/A
BPZEB240712M__BPZEB240712M.MAGScoT_cleanbin_000002	d__Bacteria;p__Pseudomonadota;c__Gammaproteobacteria;o__Enterobacterales;f__Orbaceae;g__Gilliamella;s__Gilliamella mensalis	GCF_900103085.1	95.0	d__Bacteria;p__Pseudomonadota;c__Gammaproteobacteria;o__Enterobacterales;f__Orbaceae;g__Gilliamella;s__Gilliamella mensalis	98.54	0.893	N/A	N/A	N/A	N/A	N/A	N/A	ani_screen	classification based on ANI only	GCF_900103255.1, s__Gilliamella bombi, 95.0, 86.95, 0.271; GCF_001690495.1, s__Gilliamella apicola_G, 95.0, 89.6, 0.503; GCF_001690655.1, s__Gilliamella apicola_P, 95.0, 86.34, 0.304; GCF_001690525.1, s__Gilliamella apicola_H, 95.0, 90.39, 0.461; GCF_900094935.1, s__Gilliamella intestini, 95.23, 86.28, 0.234; GCF_900094945.1, s__Gilliamella bombicola, 95.0, 91.44, 0.483; GCF_001690595.1, s__Gilliamella apicola_M, 95.0, 86.5, 0.204; GCF_001690275.1, s__Gilliamella apicola_C, 95.0, 85.36, 0.171; GCF_009795805.1, s__Gilliamella sp009795805, 95.0, 85.16, 0.173; GCF_009795885.1, s__Gilliamella sp009795885, 95.0, 93.62, 0.584; GCF_009795845.1, s__Gilliamella sp009795845, 95.0, 85.79, 0.186	N/A	N/A	N/A	N/A
BPZEB240717M__BPZEB240717M.MAGScoT_cleanbin_000001	d__Bacteria;p__Pseudomonadota;c__Gammaproteobacteria;o__Burkholderiales;f__Neisseriaceae;g__Snodgrassella;s__Snodgrassella gandavensis	GCF_914768025.1	95.0	d__Bacteria;p__Pseudomonadota;c__Gammaproteobacteria;o__Burkholderiales;f__Neisseriaceae;g__Snodgrassella;s__Snodgrassella gandavensis	98.75	0.923	N/A	N/A	N/A	N/A	N/A	N/A	ani_screen	classification based on ANI only	GCA_002777825.1, s__Snodgrassella alvi_C, 95.0, 91.77, 0.717; GCF_002777425.1, s__Snodgrassella alvi_B, 95.0, 93.98, 0.772; GCF_914768045.1, s__Snodgrassella communis, 95.0, 88.65, 0.607; GCF_002777745.1, s__Snodgrassella alvi_D, 95.0, 88.28, 0.58	N/A	N/A	N/A	N/A
BPZEB240717M__BPZEB240717M.MAGScoT_cleanbin_000002	d__Bacteria;p__Bacillota;c__Bacilli;o__Lactobacillales;f__Lactobacillaceae;g__Xylocopilactobacillus;s__	N/A	N/A	N/A	N/A	N/A	N/A	N/A	N/A	N/A	N/A	d__Bacteria;p__Bacillota;c__Bacilli;o__Lactobacillales;f__Lactobacillaceae;g__Xylocopilactobacillus;s__	taxonomic classification fully defined by topology	classification based on placement in class-level tree	N/A	92.3	11	0.99031	N/A
BPZEB240717M__BPZEB240717M.MAGScoT_cleanbin_000003	d__Bacteria;p__Actinomycetota;c__Actinomycetes;o__Actinomycetales;f__Bifidobacteriaceae;g__Bombiscardovia;s__Bombiscardovia coagulans	GCF_002259585.1	95.0	d__Bacteria;p__Actinomycetota;c__Actinomycetes;o__Actinomycetales;f__Bifidobacteriaceae;g__Bombiscardovia;s__Bombiscardovia coagulans	98.85	0.803	N/A	N/A	N/A	N/A	N/A	N/A	ani_screen	classification based on ANI only	N/A	N/A	N/A	N/A	N/A
BPZEB240717M__BPZEB240717M.MAGScoT_cleanbin_000004	d__Bacteria;p__Pseudomonadota;c__Gammaproteobacteria;o__Enterobacterales;f__Orbaceae;g__Gilliamella;s__Gilliamella mensalis	GCF_900103085.1	95.0	d__Bacteria;p__Pseudomonadota;c__Gammaproteobacteria;o__Enterobacterales;f__Orbaceae;g__Gilliamella;s__Gilliamella mensalis	98.83	0.913	N/A	N/A	N/A	N/A	N/A	N/A	ani_screen	classification based on ANI only	GCF_001690495.1, s__Gilliamella apicola_G, 95.0, 90.9, 0.573; GCF_001690275.1, s__Gilliamella apicola_C, 95.0, 87.01, 0.204; GCF_009795885.1, s__Gilliamella sp009795885, 95.0, 94.85, 0.757; GCF_001690595.1, s__Gilliamella apicola_M, 95.0, 87.67, 0.245; GCF_900103255.1, s__Gilliamella bombi, 95.0, 87.79, 0.324; GCF_900094945.1, s__Gilliamella bombicola, 95.0, 92.8, 0.539; GCF_009795845.1, s__Gilliamella sp009795845, 95.0, 86.71, 0.222; GCF_001690655.1, s__Gilliamella apicola_P, 95.0, 87.91, 0.292; GCF_001690525.1, s__Gilliamella apicola_H, 95.0, 91.23, 0.582; GCF_009795805.1, s__Gilliamella sp009795805, 95.0, 87.21, 0.18; GCF_900094935.1, s__Gilliamella intestini, 95.23, 87.94, 0.272	N/A	N/A	N/A	N/A
BPZEB240717M__BPZEB240717M.MAGScoT_cleanbin_000005	d__Bacteria;p__Pseudomonadota;c__Gammaproteobacteria;o__Enterobacterales;f__Orbaceae;g__Gilliamella;s__Gilliamella sp009795885	GCF_009795885.1	95.0	d__Bacteria;p__Pseudomonadota;c__Gammaproteobacteria;o__Enterobacterales;f__Orbaceae;g__Gilliamella;s__Gilliamella sp009795885	98.83	0.567	N/A	N/A	N/A	N/A	N/A	N/A	ani_screen	classification based on ANI only	GCF_001690495.1, s__Gilliamella apicola_G, 95.0, 90.17, 0.223; GCF_900094945.1, s__Gilliamella bombicola, 95.0, 89.72, 0.215; GCF_900112665.1, s__Lactobacillus bombicola, 95.0, 97.76, 0.227; GCF_001690525.1, s__Gilliamella apicola_H, 95.0, 94.18, 0.366; GCF_900103085.1, s__Gilliamella mensalis, 95.0, 90.52, 0.284	N/A	N/A	N/A	N/A
BPZEB250701__BPZEB250701.MAGScoT_cleanbin_000001	d__Bacteria;p__Pseudomonadota;c__Gammaproteobacteria;o__Burkholderiales;f__Neisseriaceae;g__Snodgrassella;s__Snodgrassella gandavensis	GCF_914768025.1	95.0	d__Bacteria;p__Pseudomonadota;c__Gammaproteobacteria;o__Burkholderiales;f__Neisseriaceae;g__Snodgrassella;s__Snodgrassella gandavensis	98.77	0.91	N/A	N/A	N/A	N/A	N/A	N/A	ani_screen	classification based on ANI only	GCF_002777745.1, s__Snodgrassella alvi_D, 95.0, 88.0, 0.571; GCF_914768045.1, s__Snodgrassella communis, 95.0, 88.6, 0.597; GCF_002777425.1, s__Snodgrassella alvi_B, 95.0, 94.11, 0.806; GCA_002777825.1, s__Snodgrassella alvi_C, 95.0, 91.98, 0.729	N/A	N/A	N/A	N/A
BPZEB250701__BPZEB250701.MAGScoT_cleanbin_000002	d__Bacteria;p__Bacillota;c__Bacilli;o__Lactobacillales;f__Lactobacillaceae;g__Xylocopilactobacillus;s__	N/A	N/A	N/A	N/A	N/A	N/A	N/A	N/A	N/A	N/A	d__Bacteria;p__Bacillota;c__Bacilli;o__Lactobacillales;f__Lactobacillaceae;g__Xylocopilactobacillus;s__	taxonomic classification fully defined by topology	classification based on placement in class-level tree	N/A	95.35	11	0.99036	N/A
BPZEB250702__BPZEB250702.MAGScoT_cleanbin_000001	d__Bacteria;p__Pseudomonadota;c__Gammaproteobacteria;o__Enterobacterales;f__Orbaceae;g__Gilliamella;s__Gilliamella mensalis	GCF_900103085.1	95.0	d__Bacteria;p__Pseudomonadota;c__Gammaproteobacteria;o__Enterobacterales;f__Orbaceae;g__Gilliamella;s__Gilliamella mensalis	99.01	0.933	N/A	N/A	N/A	N/A	N/A	N/A	ani_screen	classification based on ANI only	GCF_900103255.1, s__Gilliamella bombi, 95.0, 85.52, 0.329; GCF_001690655.1, s__Gilliamella apicola_P, 95.0, 85.51, 0.381; GCF_900094935.1, s__Gilliamella intestini, 95.23, 84.51, 0.291; GCF_009795845.1, s__Gilliamella sp009795845, 95.0, 83.88, 0.244; GCF_001690525.1, s__Gilliamella apicola_H, 95.0, 89.72, 0.533; GCF_001690355.1, s__Gilliamella apicola_A, 95.0, 83.25, 0.16; GCF_009795885.1, s__Gilliamella sp009795885, 95.0, 93.29, 0.616; GCF_001690495.1, s__Gilliamella apicola_G, 95.0, 89.77, 0.589; GCF_001690595.1, s__Gilliamella apicola_M, 95.0, 84.37, 0.26; GCF_900094945.1, s__Gilliamella bombicola, 95.0, 90.91, 0.53; GCF_001690275.1, s__Gilliamella apicola_C, 95.0, 83.27, 0.226; GCF_009795805.1, s__Gilliamella sp009795805, 95.0, 83.09, 0.215	N/A	N/A	N/A	N/A
BPZEB250702__BPZEB250702.MAGScoT_cleanbin_000002	d__Bacteria;p__Bacillota;c__Bacilli;o__Lactobacillales;f__Lactobacillaceae;g__Lactobacillus;s__Lactobacillus bombicola	GCF_900112665.1	95.0	d__Bacteria;p__Bacillota;c__Bacilli;o__Lactobacillales;f__Lactobacillaceae;g__Lactobacillus;s__Lactobacillus bombicola	97.45	0.844	N/A	N/A	N/A	N/A	N/A	N/A	ani_screen	classification based on ANI only	N/A	N/A	N/A	N/A	N/A
BPZEB250702__BPZEB250702.MAGScoT_cleanbin_000003	d__Bacteria;p__Pseudomonadota;c__Gammaproteobacteria;o__Burkholderiales;f__Neisseriaceae;g__Snodgrassella;s__Snodgrassella gandavensis	GCF_914768025.1	95.0	d__Bacteria;p__Pseudomonadota;c__Gammaproteobacteria;o__Burkholderiales;f__Neisseriaceae;g__Snodgrassella;s__Snodgrassella gandavensis	98.83	0.929	N/A	N/A	N/A	N/A	N/A	N/A	ani_screen	classification based on ANI only	GCF_002777745.1, s__Snodgrassella alvi_D, 95.0, 90.22, 0.426; GCA_002777825.1, s__Snodgrassella alvi_C, 95.0, 93.12, 0.627; GCF_914768045.1, s__Snodgrassella communis, 95.0, 90.29, 0.405; GCF_002777425.1, s__Snodgrassella alvi_B, 95.0, 94.5, 0.719	N/A	N/A	N/A	N/A
BPZEB250703__BPZEB250703.MAGScoT_cleanbin_000001	d__Bacteria;p__Pseudomonadota;c__Gammaproteobacteria;o__Burkholderiales;f__Neisseriaceae;g__Snodgrassella;s__Snodgrassella gandavensis	GCF_914768025.1	95.0	d__Bacteria;p__Pseudomonadota;c__Gammaproteobacteria;o__Burkholderiales;f__Neisseriaceae;g__Snodgrassella;s__Snodgrassella gandavensis	99.0	0.921	N/A	N/A	N/A	N/A	N/A	N/A	ani_screen	classification based on ANI only	GCF_002777745.1, s__Snodgrassella alvi_D, 95.0, 89.07, 0.569; GCF_914768045.1, s__Snodgrassella communis, 95.0, 89.37, 0.565; GCA_002777825.1, s__Snodgrassella alvi_C, 95.0, 92.8, 0.724; GCF_002777425.1, s__Snodgrassella alvi_B, 95.0, 94.26, 0.772	N/A	N/A	N/A	N/A
BPZEB250703__BPZEB250703.MAGScoT_cleanbin_000002	d__Bacteria;p__Pseudomonadota;c__Gammaproteobacteria;o__Enterobacterales;f__Orbaceae;g__Gilliamella;s__Gilliamella mensalis	GCF_900103085.1	95.0	d__Bacteria;p__Pseudomonadota;c__Gammaproteobacteria;o__Enterobacterales;f__Orbaceae;g__Gilliamella;s__Gilliamella mensalis	98.91	0.875	N/A	N/A	N/A	N/A	N/A	N/A	ani_screen	classification based on ANI only	GCF_001690655.1, s__Gilliamella apicola_P, 95.0, 87.18, 0.266; GCF_900094935.1, s__Gilliamella intestini, 95.23, 87.09, 0.205; GCF_001690495.1, s__Gilliamella apicola_G, 95.0, 89.67, 0.466; GCF_001690275.1, s__Gilliamella apicola_C, 95.0, 86.45, 0.159; GCF_900103255.1, s__Gilliamella bombi, 95.0, 88.13, 0.253; GCF_009795885.1, s__Gilliamella sp009795885, 95.0, 93.68, 0.548; GCF_900094945.1, s__Gilliamella bombicola, 95.0, 91.78, 0.44; GCF_001690525.1, s__Gilliamella apicola_H, 95.0, 90.4, 0.424; GCF_001690595.1, s__Gilliamella apicola_M, 95.0, 87.08, 0.178; GCF_009795845.1, s__Gilliamella sp009795845, 95.0, 86.33, 0.165	N/A	N/A	N/A	N/A
BPZEB250703__BPZEB250703.MAGScoT_cleanbin_000003	d__Bacteria;p__Actinomycetota;c__Actinomycetes;o__Actinomycetales;f__Bifidobacteriaceae;g__Bombiscardovia;s__Bombiscardovia coagulans	GCF_002259585.1	95.0	d__Bacteria;p__Actinomycetota;c__Actinomycetes;o__Actinomycetales;f__Bifidobacteriaceae;g__Bombiscardovia;s__Bombiscardovia coagulans	98.91	0.83	N/A	N/A	N/A	N/A	N/A	N/A	ani_screen	classification based on ANI only	N/A	N/A	N/A	N/A	N/A
BPZEB250704__BPZEB250704.MAGScoT_cleanbin_000001	d__Bacteria;p__Pseudomonadota;c__Gammaproteobacteria;o__Burkholderiales;f__Neisseriaceae;g__Snodgrassella;s__Snodgrassella gandavensis	GCF_914768025.1	95.0	d__Bacteria;p__Pseudomonadota;c__Gammaproteobacteria;o__Burkholderiales;f__Neisseriaceae;g__Snodgrassella;s__Snodgrassella gandavensis	98.82	0.929	N/A	N/A	N/A	N/A	N/A	N/A	ani_screen	classification based on ANI only	GCF_002777745.1, s__Snodgrassella alvi_D, 95.0, 88.31, 0.589; GCF_914768045.1, s__Snodgrassella communis, 95.0, 88.5, 0.605; GCA_002777825.1, s__Snodgrassella alvi_C, 95.0, 92.19, 0.72; GCF_002777425.1, s__Snodgrassella alvi_B, 95.0, 94.12, 0.784	N/A	N/A	N/A	N/A
BPZEB250704__BPZEB250704.MAGScoT_cleanbin_000002	d__Bacteria;p__Actinomycetota;c__Actinomycetes;o__Actinomycetales;f__Bifidobacteriaceae;g__Bombiscardovia;s__Bombiscardovia coagulans	GCF_002259585.1	95.0	d__Bacteria;p__Actinomycetota;c__Actinomycetes;o__Actinomycetales;f__Bifidobacteriaceae;g__Bombiscardovia;s__Bombiscardovia coagulans	98.86	0.89	N/A	N/A	N/A	N/A	N/A	N/A	ani_screen	classification based on ANI only	N/A	N/A	N/A	N/A	N/A
BPZEB250704__BPZEB250704.MAGScoT_cleanbin_000003	d__Bacteria;p__Bacillota;c__Bacilli;o__Lactobacillales;f__Lactobacillaceae;g__Xylocopilactobacillus;s__	N/A	N/A	N/A	N/A	N/A	N/A	N/A	N/A	N/A	N/A	d__Bacteria;p__Bacillota;c__Bacilli;o__Lactobacillales;f__Lactobacillaceae;g__Xylocopilactobacillus;s__	taxonomic novelty determined using RED	classification based on placement in class-level tree	N/A	48.68	11	0.95308	Genome has more than 28.3% of markers with multiple hits
BPZEB250704__BPZEB250704.MAGScoT_cleanbin_000004	d__Bacteria;p__Pseudomonadota;c__Gammaproteobacteria;o__Enterobacterales;f__Orbaceae;g__Gilliamella;s__Gilliamella mensalis	GCF_900103085.1	95.0	d__Bacteria;p__Pseudomonadota;c__Gammaproteobacteria;o__Enterobacterales;f__Orbaceae;g__Gilliamella;s__Gilliamella mensalis	97.93	0.63	N/A	N/A	N/A	N/A	N/A	N/A	ani_screen	classification based on ANI only	GCF_001690655.1, s__Gilliamella apicola_P, 95.0, 86.85, 0.214; GCF_009795845.1, s__Gilliamella sp009795845, 95.0, 86.93, 0.179; GCF_001690525.1, s__Gilliamella apicola_H, 95.0, 90.04, 0.405; GCF_001690495.1, s__Gilliamella apicola_G, 95.0, 89.95, 0.416; GCF_009795885.1, s__Gilliamella sp009795885, 95.0, 93.68, 0.546; GCF_900094935.1, s__Gilliamella intestini, 95.23, 86.76, 0.216; GCF_009795805.1, s__Gilliamella sp009795805, 95.0, 85.91, 0.19; GCF_001690275.1, s__Gilliamella apicola_C, 95.0, 85.7, 0.151; GCF_900103255.1, s__Gilliamella bombi, 95.0, 87.02, 0.247; GCF_900094945.1, s__Gilliamella bombicola, 95.0, 95.23, 0.542; GCF_001690595.1, s__Gilliamella apicola_M, 95.0, 86.92, 0.195	N/A	N/A	N/A	N/A
BPZEB250705__BPZEB250705.MAGScoT_cleanbin_000001	d__Bacteria;p__Pseudomonadota;c__Gammaproteobacteria;o__Burkholderiales;f__Neisseriaceae;g__Snodgrassella;s__Snodgrassella gandavensis	GCF_914768025.1	95.0	d__Bacteria;p__Pseudomonadota;c__Gammaproteobacteria;o__Burkholderiales;f__Neisseriaceae;g__Snodgrassella;s__Snodgrassella gandavensis	98.71	0.903	N/A	N/A	N/A	N/A	N/A	N/A	ani_screen	classification based on ANI only	GCF_002777425.1, s__Snodgrassella alvi_B, 95.0, 93.86, 0.737; GCA_002777825.1, s__Snodgrassella alvi_C, 95.0, 91.92, 0.686; GCF_002777745.1, s__Snodgrassella alvi_D, 95.0, 88.44, 0.542; GCF_914768045.1, s__Snodgrassella communis, 95.0, 88.67, 0.606	N/A	N/A	N/A	N/A
